ProductKey;ProductSubcategoryKey;EnglishProductCategoryName;WeightUnitMeasureCode;SizeUnitMeasureCode;EnglishProductName;StandardCost;FinishedGoodsFlag;Color;SafetyStockLevel;ListPrice;Size;SizeRange;Weight;DaysToManufacture;ProductLine;DealerPrice;Class;Style;ModelName;EnglishDescription
210;14;Components;LB ;CM ;HL Road Frame - Black, 58;;TRUE;Black;500;;58;54-58 CM;2,24;1;R ;;H ;U ;HL Road Frame;"Our lightest and best quality aluminum frame made from the newest alloy; it is welded and heat-treated for strength. Our innovative design results in maximum comfort and performance."
211;14;Components;LB ;CM ;HL Road Frame - Red, 58;;TRUE;Red;500;;58;54-58 CM;2,24;1;R ;;H ;U ;HL Road Frame;"Our lightest and best quality aluminum frame made from the newest alloy; it is welded and heat-treated for strength. Our innovative design results in maximum comfort and performance."
212;31;Accessories;;;Sport-100 Helmet, Red;12,0278;TRUE;Red;4;33,6442;;NA;;0;S ;20,1865;;;Sport-100;Universal fit, well-vented, lightweight , snap-on visor.
213;31;Accessories;;;Sport-100 Helmet, Red;13,8782;TRUE;Red;4;33,6442;;NA;;0;S ;20,1865;;;Sport-100;Universal fit, well-vented, lightweight , snap-on visor.
214;31;Accessories;;;Sport-100 Helmet, Red;13,0863;TRUE;Red;4;34,99;;NA;;0;S ;20,994;;;Sport-100;Universal fit, well-vented, lightweight , snap-on visor.
215;31;Accessories;;;Sport-100 Helmet, Black;12,0278;TRUE;Black;4;33,6442;;NA;;0;S ;20,1865;;;Sport-100;Universal fit, well-vented, lightweight , snap-on visor.
216;31;Accessories;;;Sport-100 Helmet, Black;13,8782;TRUE;Black;4;33,6442;;NA;;0;S ;20,1865;;;Sport-100;Universal fit, well-vented, lightweight , snap-on visor.
217;31;Accessories;;;Sport-100 Helmet, Black;13,0863;TRUE;Black;4;34,99;;NA;;0;S ;20,994;;;Sport-100;Universal fit, well-vented, lightweight , snap-on visor.
218;23;Clothing;;;Mountain Bike Socks, M;3,3963;TRUE;White;4;9,5;M;M;;0;M ;5,7;;U ;Mountain Bike Socks;Combination of natural and synthetic fibers stays dry and provides just the right cushioning.
219;23;Clothing;;;Mountain Bike Socks, L;3,3963;TRUE;White;4;9,5;L;L;;0;M ;5,7;;U ;Mountain Bike Socks;Combination of natural and synthetic fibers stays dry and provides just the right cushioning.
220;31;Accessories;;;Sport-100 Helmet, Blue;12,0278;TRUE;Blue;4;33,6442;;NA;;0;S ;20,1865;;;Sport-100;Universal fit, well-vented, lightweight , snap-on visor.
221;31;Accessories;;;Sport-100 Helmet, Blue;13,8782;TRUE;Blue;4;33,6442;;NA;;0;S ;20,1865;;;Sport-100;Universal fit, well-vented, lightweight , snap-on visor.
222;31;Accessories;;;Sport-100 Helmet, Blue;13,0863;TRUE;Blue;4;34,99;;NA;;0;S ;20,994;;;Sport-100;Universal fit, well-vented, lightweight , snap-on visor.
223;19;Clothing;;;AWC Logo Cap;5,7052;TRUE;Multi;4;8,6442;;NA;;0;S ;5,1865;;U ;Cycling Cap;"Traditional style with a flip-up brim; one-size fits all."
224;19;Clothing;;;AWC Logo Cap;5,2297;TRUE;Multi;4;8,6442;;NA;;0;S ;5,1865;;U ;Cycling Cap;"Traditional style with a flip-up brim; one-size fits all."
225;19;Clothing;;;AWC Logo Cap;6,9223;TRUE;Multi;4;8,99;;NA;;0;S ;5,394;;U ;Cycling Cap;"Traditional style with a flip-up brim; one-size fits all."
226;21;Clothing;;;Long-Sleeve Logo Jersey, S;31,7244;TRUE;Multi;4;48,0673;S;S;;0;S ;28,8404;;U ;Long-Sleeve Logo Jersey;Unisex long-sleeve AWC logo microfiber cycling jersey
227;21;Clothing;;;Long-Sleeve Logo Jersey, S;29,0807;TRUE;Multi;4;48,0673;S;S;;0;S ;28,8404;;U ;Long-Sleeve Logo Jersey;Unisex long-sleeve AWC logo microfiber cycling jersey
228;21;Clothing;;;Long-Sleeve Logo Jersey, S;38,4923;TRUE;Multi;4;49,99;S;S;;0;S ;29,994;;U ;Long-Sleeve Logo Jersey;Unisex long-sleeve AWC logo microfiber cycling jersey
229;21;Clothing;;;Long-Sleeve Logo Jersey, M;31,7244;TRUE;Multi;4;48,0673;M;M;;0;S ;28,8404;;U ;Long-Sleeve Logo Jersey;Unisex long-sleeve AWC logo microfiber cycling jersey
230;21;Clothing;;;Long-Sleeve Logo Jersey, M;29,0807;TRUE;Multi;4;48,0673;M;M;;0;S ;28,8404;;U ;Long-Sleeve Logo Jersey;Unisex long-sleeve AWC logo microfiber cycling jersey
231;21;Clothing;;;Long-Sleeve Logo Jersey, M;38,4923;TRUE;Multi;4;49,99;M;M;;0;S ;29,994;;U ;Long-Sleeve Logo Jersey;Unisex long-sleeve AWC logo microfiber cycling jersey
232;21;Clothing;;;Long-Sleeve Logo Jersey, L;31,7244;TRUE;Multi;4;48,0673;L;L;;0;S ;28,8404;;U ;Long-Sleeve Logo Jersey;Unisex long-sleeve AWC logo microfiber cycling jersey
233;21;Clothing;;;Long-Sleeve Logo Jersey, L;29,0807;TRUE;Multi;4;48,0673;L;L;;0;S ;28,8404;;U ;Long-Sleeve Logo Jersey;Unisex long-sleeve AWC logo microfiber cycling jersey
234;21;Clothing;;;Long-Sleeve Logo Jersey, L;38,4923;TRUE;Multi;4;49,99;L;L;;0;S ;29,994;;U ;Long-Sleeve Logo Jersey;Unisex long-sleeve AWC logo microfiber cycling jersey
235;21;Clothing;;;Long-Sleeve Logo Jersey, XL;31,7244;TRUE;Multi;4;48,0673;XL;XL;;0;S ;28,8404;;U ;Long-Sleeve Logo Jersey;Unisex long-sleeve AWC logo microfiber cycling jersey
236;21;Clothing;;;Long-Sleeve Logo Jersey, XL;29,0807;TRUE;Multi;4;48,0673;XL;XL;;0;S ;28,8404;;U ;Long-Sleeve Logo Jersey;Unisex long-sleeve AWC logo microfiber cycling jersey
237;21;Clothing;;;Long-Sleeve Logo Jersey, XL;38,4923;TRUE;Multi;4;49,99;XL;XL;;0;S ;29,994;;U ;Long-Sleeve Logo Jersey;Unisex long-sleeve AWC logo microfiber cycling jersey
238;14;Components;LB ;CM ;HL Road Frame - Red, 62;747,9682;TRUE;Red;500;1263,4598;62;60-62 CM;2,3;1;R ;758,0759;H ;U ;HL Road Frame;"Our lightest and best quality aluminum frame made from the newest alloy; it is welded and heat-treated for strength. Our innovative design results in maximum comfort and performance."
239;14;Components;LB ;CM ;HL Road Frame - Red, 62;722,2568;TRUE;Red;500;1301,3636;62;60-62 CM;2,3;1;R ;780,8182;H ;U ;HL Road Frame;"Our lightest and best quality aluminum frame made from the newest alloy; it is welded and heat-treated for strength. Our innovative design results in maximum comfort and performance."
240;14;Components;LB ;CM ;HL Road Frame - Red, 62;868,6342;TRUE;Red;500;1431,5;62;60-62 CM;2,3;1;R ;858,9;H ;U ;HL Road Frame;"Our lightest and best quality aluminum frame made from the newest alloy; it is welded and heat-treated for strength. Our innovative design results in maximum comfort and performance."
241;14;Components;LB ;CM ;HL Road Frame - Red, 44;747,9682;TRUE;Red;500;1263,4598;44;42-46 CM;2,12;1;R ;758,0759;H ;U ;HL Road Frame;"Our lightest and best quality aluminum frame made from the newest alloy; it is welded and heat-treated for strength. Our innovative design results in maximum comfort and performance."
242;14;Components;LB ;CM ;HL Road Frame - Red, 44;722,2568;TRUE;Red;500;1301,3636;44;42-46 CM;2,12;1;R ;780,8182;H ;U ;HL Road Frame;"Our lightest and best quality aluminum frame made from the newest alloy; it is welded and heat-treated for strength. Our innovative design results in maximum comfort and performance."
243;14;Components;LB ;CM ;HL Road Frame - Red, 44;868,6342;TRUE;Red;500;1431,5;44;42-46 CM;2,12;1;R ;858,9;H ;U ;HL Road Frame;"Our lightest and best quality aluminum frame made from the newest alloy; it is welded and heat-treated for strength. Our innovative design results in maximum comfort and performance."
244;14;Components;LB ;CM ;HL Road Frame - Red, 48;747,9682;TRUE;Red;500;1263,4598;48;48-52 CM;2,16;1;R ;758,0759;H ;U ;HL Road Frame;"Our lightest and best quality aluminum frame made from the newest alloy; it is welded and heat-treated for strength. Our innovative design results in maximum comfort and performance."
245;14;Components;LB ;CM ;HL Road Frame - Red, 48;722,2568;TRUE;Red;500;1301,3636;48;48-52 CM;2,16;1;R ;780,8182;H ;U ;HL Road Frame;"Our lightest and best quality aluminum frame made from the newest alloy; it is welded and heat-treated for strength. Our innovative design results in maximum comfort and performance."
246;14;Components;LB ;CM ;HL Road Frame - Red, 48;868,6342;TRUE;Red;500;1431,5;48;48-52 CM;2,16;1;R ;858,9;H ;U ;HL Road Frame;"Our lightest and best quality aluminum frame made from the newest alloy; it is welded and heat-treated for strength. Our innovative design results in maximum comfort and performance."
247;14;Components;LB ;CM ;HL Road Frame - Red, 52;747,9682;TRUE;Red;500;1263,4598;52;48-52 CM;2,2;1;R ;758,0759;H ;U ;HL Road Frame;"Our lightest and best quality aluminum frame made from the newest alloy; it is welded and heat-treated for strength. Our innovative design results in maximum comfort and performance."
248;14;Components;LB ;CM ;HL Road Frame - Red, 52;722,2568;TRUE;Red;500;1301,3636;52;48-52 CM;2,2;1;R ;780,8182;H ;U ;HL Road Frame;"Our lightest and best quality aluminum frame made from the newest alloy; it is welded and heat-treated for strength. Our innovative design results in maximum comfort and performance."
249;14;Components;LB ;CM ;HL Road Frame - Red, 52;868,6342;TRUE;Red;500;1431,5;52;48-52 CM;2,2;1;R ;858,9;H ;U ;HL Road Frame;"Our lightest and best quality aluminum frame made from the newest alloy; it is welded and heat-treated for strength. Our innovative design results in maximum comfort and performance."
250;14;Components;LB ;CM ;HL Road Frame - Red, 56;747,9682;TRUE;Red;500;1263,4598;56;54-58 CM;2,24;1;R ;758,0759;H ;U ;HL Road Frame;"Our lightest and best quality aluminum frame made from the newest alloy; it is welded and heat-treated for strength. Our innovative design results in maximum comfort and performance."
251;14;Components;LB ;CM ;HL Road Frame - Red, 56;722,2568;TRUE;Red;500;1301,3636;56;54-58 CM;2,24;1;R ;780,8182;H ;U ;HL Road Frame;"Our lightest and best quality aluminum frame made from the newest alloy; it is welded and heat-treated for strength. Our innovative design results in maximum comfort and performance."
252;14;Components;LB ;CM ;HL Road Frame - Red, 56;868,6342;TRUE;Red;500;1431,5;56;54-58 CM;2,24;1;R ;858,9;H ;U ;HL Road Frame;"Our lightest and best quality aluminum frame made from the newest alloy; it is welded and heat-treated for strength. Our innovative design results in maximum comfort and performance."
253;14;Components;LB ;CM ;LL Road Frame - Black, 58;176,1997;TRUE;Black;500;297,6346;58;54-58 CM;2,46;1;R ;178,5808;L ;U ;LL Road Frame;The LL Frame provides a safe comfortable ride, while offering superior bump absorption in a value-priced aluminum frame.
254;14;Components;LB ;CM ;LL Road Frame - Black, 58;170,1428;TRUE;Black;500;306,5636;58;54-58 CM;2,46;1;R ;183,9382;L ;U ;LL Road Frame;The LL Frame provides a safe comfortable ride, while offering superior bump absorption in a value-priced aluminum frame.
255;14;Components;LB ;CM ;LL Road Frame - Black, 58;204,6251;TRUE;Black;500;337,22;58;54-58 CM;2,46;1;R ;202,332;L ;U ;LL Road Frame;The LL Frame provides a safe comfortable ride, while offering superior bump absorption in a value-priced aluminum frame.
256;14;Components;LB ;CM ;LL Road Frame - Black, 60;176,1997;TRUE;Black;500;297,6346;60;60-62 CM;2,48;1;R ;178,5808;L ;U ;LL Road Frame;The LL Frame provides a safe comfortable ride, while offering superior bump absorption in a value-priced aluminum frame.
257;14;Components;LB ;CM ;LL Road Frame - Black, 60;170,1428;TRUE;Black;500;306,5636;60;60-62 CM;2,48;1;R ;183,9382;L ;U ;LL Road Frame;The LL Frame provides a safe comfortable ride, while offering superior bump absorption in a value-priced aluminum frame.
258;14;Components;LB ;CM ;LL Road Frame - Black, 60;204,6251;TRUE;Black;500;337,22;60;60-62 CM;2,48;1;R ;202,332;L ;U ;LL Road Frame;The LL Frame provides a safe comfortable ride, while offering superior bump absorption in a value-priced aluminum frame.
259;14;Components;LB ;CM ;LL Road Frame - Black, 62;176,1997;TRUE;Black;500;297,6346;62;60-62 CM;2,5;1;R ;178,5808;L ;U ;LL Road Frame;The LL Frame provides a safe comfortable ride, while offering superior bump absorption in a value-priced aluminum frame.
260;14;Components;LB ;CM ;LL Road Frame - Black, 62;170,1428;TRUE;Black;500;306,5636;62;60-62 CM;2,5;1;R ;183,9382;L ;U ;LL Road Frame;The LL Frame provides a safe comfortable ride, while offering superior bump absorption in a value-priced aluminum frame.
261;14;Components;LB ;CM ;LL Road Frame - Black, 62;204,6251;TRUE;Black;500;337,22;62;60-62 CM;2,5;1;R ;202,332;L ;U ;LL Road Frame;The LL Frame provides a safe comfortable ride, while offering superior bump absorption in a value-priced aluminum frame.
262;14;Components;LB ;CM ;LL Road Frame - Red, 44;181,4857;TRUE;Red;500;306,5636;44;42-46 CM;2,32;1;R ;183,9382;L ;U ;LL Road Frame;The LL Frame provides a safe comfortable ride, while offering superior bump absorption in a value-priced aluminum frame.
263;14;Components;LB ;CM ;LL Road Frame - Red, 44;187,1571;TRUE;Red;500;337,22;44;42-46 CM;2,32;1;R ;202,332;L ;U ;LL Road Frame;The LL Frame provides a safe comfortable ride, while offering superior bump absorption in a value-priced aluminum frame.
264;14;Components;LB ;CM ;LL Road Frame - Red, 48;181,4857;TRUE;Red;500;306,5636;48;48-52 CM;2,36;1;R ;183,9382;L ;U ;LL Road Frame;The LL Frame provides a safe comfortable ride, while offering superior bump absorption in a value-priced aluminum frame.
265;14;Components;LB ;CM ;LL Road Frame - Red, 48;187,1571;TRUE;Red;500;337,22;48;48-52 CM;2,36;1;R ;202,332;L ;U ;LL Road Frame;The LL Frame provides a safe comfortable ride, while offering superior bump absorption in a value-priced aluminum frame.
266;14;Components;LB ;CM ;LL Road Frame - Red, 52;181,4857;TRUE;Red;500;306,5636;52;48-52 CM;2,4;1;R ;183,9382;L ;U ;LL Road Frame;The LL Frame provides a safe comfortable ride, while offering superior bump absorption in a value-priced aluminum frame.
267;14;Components;LB ;CM ;LL Road Frame - Red, 52;187,1571;TRUE;Red;500;337,22;52;48-52 CM;2,4;1;R ;202,332;L ;U ;LL Road Frame;The LL Frame provides a safe comfortable ride, while offering superior bump absorption in a value-priced aluminum frame.
268;14;Components;LB ;CM ;LL Road Frame - Red, 58;181,4857;TRUE;Red;500;306,5636;58;54-58 CM;2,46;1;R ;183,9382;L ;U ;LL Road Frame;The LL Frame provides a safe comfortable ride, while offering superior bump absorption in a value-priced aluminum frame.
269;14;Components;LB ;CM ;LL Road Frame - Red, 58;187,1571;TRUE;Red;500;337,22;58;54-58 CM;2,46;1;R ;202,332;L ;U ;LL Road Frame;The LL Frame provides a safe comfortable ride, while offering superior bump absorption in a value-priced aluminum frame.
270;14;Components;LB ;CM ;LL Road Frame - Red, 60;181,4857;TRUE;Red;500;306,5636;60;60-62 CM;2,48;1;R ;183,9382;L ;U ;LL Road Frame;The LL Frame provides a safe comfortable ride, while offering superior bump absorption in a value-priced aluminum frame.
271;14;Components;LB ;CM ;LL Road Frame - Red, 60;187,1571;TRUE;Red;500;337,22;60;60-62 CM;2,48;1;R ;202,332;L ;U ;LL Road Frame;The LL Frame provides a safe comfortable ride, while offering superior bump absorption in a value-priced aluminum frame.
272;14;Components;LB ;CM ;LL Road Frame - Red, 62;181,4857;TRUE;Red;500;306,5636;62;60-62 CM;2,5;1;R ;183,9382;L ;U ;LL Road Frame;The LL Frame provides a safe comfortable ride, while offering superior bump absorption in a value-priced aluminum frame.
273;14;Components;LB ;CM ;LL Road Frame - Red, 62;187,1571;TRUE;Red;500;337,22;62;60-62 CM;2,5;1;R ;202,332;L ;U ;LL Road Frame;The LL Frame provides a safe comfortable ride, while offering superior bump absorption in a value-priced aluminum frame.
274;14;Components;LB ;CM ;ML Road Frame - Red, 44;352,1394;TRUE;Red;500;594,83;44;42-46 CM;2,22;1;R ;356,898;M ;U ;ML Road Frame;Made from the same aluminum alloy as our top-of-the line HL frame, the ML features a lightweight down-tube milled to the perfect diameter for optimal strength. Men's version.
275;14;Components;LB ;CM ;ML Road Frame - Red, 48;352,1394;TRUE;Red;500;594,83;48;48-52 CM;2,26;1;R ;356,898;M ;U ;ML Road Frame;Made from the same aluminum alloy as our top-of-the line HL frame, the ML features a lightweight down-tube milled to the perfect diameter for optimal strength. Men's version.
276;14;Components;LB ;CM ;ML Road Frame - Red, 52;352,1394;TRUE;Red;500;594,83;52;48-52 CM;2,3;1;R ;356,898;M ;U ;ML Road Frame;Made from the same aluminum alloy as our top-of-the line HL frame, the ML features a lightweight down-tube milled to the perfect diameter for optimal strength. Men's version.
277;14;Components;LB ;CM ;ML Road Frame - Red, 58;352,1394;TRUE;Red;500;594,83;58;54-58 CM;2,36;1;R ;356,898;M ;U ;ML Road Frame;Made from the same aluminum alloy as our top-of-the line HL frame, the ML features a lightweight down-tube milled to the perfect diameter for optimal strength. Men's version.
278;14;Components;LB ;CM ;ML Road Frame - Red, 60;352,1394;TRUE;Red;500;594,83;60;60-62 CM;2,38;1;R ;356,898;M ;U ;ML Road Frame;Made from the same aluminum alloy as our top-of-the line HL frame, the ML features a lightweight down-tube milled to the perfect diameter for optimal strength. Men's version.
279;14;Components;LB ;CM ;LL Road Frame - Black, 44;176,1997;TRUE;Black;500;297,6346;44;42-46 CM;2,32;1;R ;178,5808;L ;U ;LL Road Frame;The LL Frame provides a safe comfortable ride, while offering superior bump absorption in a value-priced aluminum frame.
280;14;Components;LB ;CM ;LL Road Frame - Black, 44;170,1428;TRUE;Black;500;306,5636;44;42-46 CM;2,32;1;R ;183,9382;L ;U ;LL Road Frame;The LL Frame provides a safe comfortable ride, while offering superior bump absorption in a value-priced aluminum frame.
281;14;Components;LB ;CM ;LL Road Frame - Black, 44;204,6251;TRUE;Black;500;337,22;44;42-46 CM;2,32;1;R ;202,332;L ;U ;LL Road Frame;The LL Frame provides a safe comfortable ride, while offering superior bump absorption in a value-priced aluminum frame.
282;14;Components;LB ;CM ;LL Road Frame - Black, 48;176,1997;TRUE;Black;500;297,6346;48;48-52 CM;2,36;1;R ;178,5808;L ;U ;LL Road Frame;The LL Frame provides a safe comfortable ride, while offering superior bump absorption in a value-priced aluminum frame.
283;14;Components;LB ;CM ;LL Road Frame - Black, 48;170,1428;TRUE;Black;500;306,5636;48;48-52 CM;2,36;1;R ;183,9382;L ;U ;LL Road Frame;The LL Frame provides a safe comfortable ride, while offering superior bump absorption in a value-priced aluminum frame.
284;14;Components;LB ;CM ;LL Road Frame - Black, 48;204,6251;TRUE;Black;500;337,22;48;48-52 CM;2,36;1;R ;202,332;L ;U ;LL Road Frame;The LL Frame provides a safe comfortable ride, while offering superior bump absorption in a value-priced aluminum frame.
285;14;Components;LB ;CM ;LL Road Frame - Black, 52;176,1997;TRUE;Black;500;297,6346;52;48-52 CM;2,4;1;R ;178,5808;L ;U ;LL Road Frame;The LL Frame provides a safe comfortable ride, while offering superior bump absorption in a value-priced aluminum frame.
286;14;Components;LB ;CM ;LL Road Frame - Black, 52;170,1428;TRUE;Black;500;306,5636;52;48-52 CM;2,4;1;R ;183,9382;L ;U ;LL Road Frame;The LL Frame provides a safe comfortable ride, while offering superior bump absorption in a value-priced aluminum frame.
287;14;Components;LB ;CM ;LL Road Frame - Black, 52;204,6251;TRUE;Black;500;337,22;52;48-52 CM;2,4;1;R ;202,332;L ;U ;LL Road Frame;The LL Frame provides a safe comfortable ride, while offering superior bump absorption in a value-priced aluminum frame.
288;12;Components;LB ;CM ;HL Mountain Frame - Silver, 42;623,8403;TRUE;Silver;500;1204,3248;42;42-46 CM;2,72;1;M ;722,5949;H ;U ;HL Mountain Frame;Each frame is hand-crafted in our Bothell facility to the optimum diameter and wall-thickness required of a premium mountain frame. The heat-treated welded aluminum frame has a larger diameter tube that absorbs the bumps.
289;12;Components;LB ;CM ;HL Mountain Frame - Silver, 42;660,9142;TRUE;Silver;500;1240,4545;42;42-46 CM;2,72;1;M ;744,2727;H ;U ;HL Mountain Frame;Each frame is hand-crafted in our Bothell facility to the optimum diameter and wall-thickness required of a premium mountain frame. The heat-treated welded aluminum frame has a larger diameter tube that absorbs the bumps.
290;12;Components;LB ;CM ;HL Mountain Frame - Silver, 42;747,2002;TRUE;Silver;500;1364,5;42;42-46 CM;2,72;1;M ;818,7;H ;U ;HL Mountain Frame;Each frame is hand-crafted in our Bothell facility to the optimum diameter and wall-thickness required of a premium mountain frame. The heat-treated welded aluminum frame has a larger diameter tube that absorbs the bumps.
291;12;Components;LB ;CM ;HL Mountain Frame - Silver, 44;706,811;TRUE;Silver;500;1364,5;44;42-46 CM;2,76;1;M ;818,7;H ;U ;HL Mountain Frame;Each frame is hand-crafted in our Bothell facility to the optimum diameter and wall-thickness required of a premium mountain frame. The heat-treated welded aluminum frame has a larger diameter tube that absorbs the bumps.
292;12;Components;LB ;CM ;HL Mountain Frame - Silver, 48;706,811;TRUE;Silver;500;1364,5;48;48-52 CM;2,8;1;M ;818,7;H ;U ;HL Mountain Frame;Each frame is hand-crafted in our Bothell facility to the optimum diameter and wall-thickness required of a premium mountain frame. The heat-treated welded aluminum frame has a larger diameter tube that absorbs the bumps.
293;12;Components;LB ;CM ;HL Mountain Frame - Silver, 46;623,8403;TRUE;Silver;500;1204,3248;46;42-46 CM;2,84;1;M ;722,5949;H ;U ;HL Mountain Frame;Each frame is hand-crafted in our Bothell facility to the optimum diameter and wall-thickness required of a premium mountain frame. The heat-treated welded aluminum frame has a larger diameter tube that absorbs the bumps.
294;12;Components;LB ;CM ;HL Mountain Frame - Silver, 46;660,9142;TRUE;Silver;500;1240,4545;46;42-46 CM;2,84;1;M ;744,2727;H ;U ;HL Mountain Frame;Each frame is hand-crafted in our Bothell facility to the optimum diameter and wall-thickness required of a premium mountain frame. The heat-treated welded aluminum frame has a larger diameter tube that absorbs the bumps.
295;12;Components;LB ;CM ;HL Mountain Frame - Silver, 46;747,2002;TRUE;Silver;500;1364,5;46;42-46 CM;2,84;1;M ;818,7;H ;U ;HL Mountain Frame;Each frame is hand-crafted in our Bothell facility to the optimum diameter and wall-thickness required of a premium mountain frame. The heat-treated welded aluminum frame has a larger diameter tube that absorbs the bumps.
296;12;Components;LB ;CM ;HL Mountain Frame - Black, 42;617,0281;TRUE;Black;500;1191,1739;42;42-46 CM;2,72;1;M ;714,7043;H ;U ;HL Mountain Frame;Each frame is hand-crafted in our Bothell facility to the optimum diameter and wall-thickness required of a premium mountain frame. The heat-treated welded aluminum frame has a larger diameter tube that absorbs the bumps.
297;12;Components;LB ;CM ;HL Mountain Frame - Black, 42;653,6971;TRUE;Black;500;1226,9091;42;42-46 CM;2,72;1;M ;736,1455;H ;U ;HL Mountain Frame;Each frame is hand-crafted in our Bothell facility to the optimum diameter and wall-thickness required of a premium mountain frame. The heat-treated welded aluminum frame has a larger diameter tube that absorbs the bumps.
298;12;Components;LB ;CM ;HL Mountain Frame - Black, 42;739,041;TRUE;Black;500;1349,6;42;42-46 CM;2,72;1;M ;809,76;H ;U ;HL Mountain Frame;Each frame is hand-crafted in our Bothell facility to the optimum diameter and wall-thickness required of a premium mountain frame. The heat-treated welded aluminum frame has a larger diameter tube that absorbs the bumps.
299;12;Components;LB ;CM ;HL Mountain Frame - Black, 44;699,0928;TRUE;Black;500;1349,6;44;42-46 CM;2,76;1;M ;809,76;H ;U ;HL Mountain Frame;Each frame is hand-crafted in our Bothell facility to the optimum diameter and wall-thickness required of a premium mountain frame. The heat-treated welded aluminum frame has a larger diameter tube that absorbs the bumps.
300;12;Components;LB ;CM ;HL Mountain Frame - Black, 48;699,0928;TRUE;Black;500;1349,6;48;48-52 CM;2,8;1;M ;809,76;H ;U ;HL Mountain Frame;Each frame is hand-crafted in our Bothell facility to the optimum diameter and wall-thickness required of a premium mountain frame. The heat-treated welded aluminum frame has a larger diameter tube that absorbs the bumps.
301;12;Components;LB ;CM ;HL Mountain Frame - Black, 46;617,0281;TRUE;Black;500;1191,1739;46;42-46 CM;2,84;1;M ;714,7043;H ;U ;HL Mountain Frame;Each frame is hand-crafted in our Bothell facility to the optimum diameter and wall-thickness required of a premium mountain frame. The heat-treated welded aluminum frame has a larger diameter tube that absorbs the bumps.
302;12;Components;LB ;CM ;HL Mountain Frame - Black, 46;653,6971;TRUE;Black;500;1226,9091;46;42-46 CM;2,84;1;M ;736,1455;H ;U ;HL Mountain Frame;Each frame is hand-crafted in our Bothell facility to the optimum diameter and wall-thickness required of a premium mountain frame. The heat-treated welded aluminum frame has a larger diameter tube that absorbs the bumps.
303;12;Components;LB ;CM ;HL Mountain Frame - Black, 46;739,041;TRUE;Black;500;1349,6;46;42-46 CM;2,84;1;M ;809,76;H ;U ;HL Mountain Frame;Each frame is hand-crafted in our Bothell facility to the optimum diameter and wall-thickness required of a premium mountain frame. The heat-treated welded aluminum frame has a larger diameter tube that absorbs the bumps.
304;12;Components;LB ;CM ;HL Mountain Frame - Black, 38;617,0281;TRUE;Black;500;1191,1739;38;38-40 CM;2,68;2;M ;714,7043;H ;U ;HL Mountain Frame;Each frame is hand-crafted in our Bothell facility to the optimum diameter and wall-thickness required of a premium mountain frame. The heat-treated welded aluminum frame has a larger diameter tube that absorbs the bumps.
305;12;Components;LB ;CM ;HL Mountain Frame - Black, 38;653,6971;TRUE;Black;500;1226,9091;38;38-40 CM;2,68;2;M ;736,1455;H ;U ;HL Mountain Frame;Each frame is hand-crafted in our Bothell facility to the optimum diameter and wall-thickness required of a premium mountain frame. The heat-treated welded aluminum frame has a larger diameter tube that absorbs the bumps.
306;12;Components;LB ;CM ;HL Mountain Frame - Black, 38;739,041;TRUE;Black;500;1349,6;38;38-40 CM;2,68;2;M ;809,76;H ;U ;HL Mountain Frame;Each frame is hand-crafted in our Bothell facility to the optimum diameter and wall-thickness required of a premium mountain frame. The heat-treated welded aluminum frame has a larger diameter tube that absorbs the bumps.
307;12;Components;LB ;CM ;HL Mountain Frame - Silver, 38;623,8403;TRUE;Silver;500;1204,3248;38;38-40 CM;2,68;2;M ;722,5949;H ;U ;HL Mountain Frame;Each frame is hand-crafted in our Bothell facility to the optimum diameter and wall-thickness required of a premium mountain frame. The heat-treated welded aluminum frame has a larger diameter tube that absorbs the bumps.
308;12;Components;LB ;CM ;HL Mountain Frame - Silver, 38;660,9142;TRUE;Silver;500;1240,4545;38;38-40 CM;2,68;2;M ;744,2727;H ;U ;HL Mountain Frame;Each frame is hand-crafted in our Bothell facility to the optimum diameter and wall-thickness required of a premium mountain frame. The heat-treated welded aluminum frame has a larger diameter tube that absorbs the bumps.
309;12;Components;LB ;CM ;HL Mountain Frame - Silver, 38;747,2002;TRUE;Silver;500;1364,5;38;38-40 CM;2,68;2;M ;818,7;H ;U ;HL Mountain Frame;Each frame is hand-crafted in our Bothell facility to the optimum diameter and wall-thickness required of a premium mountain frame. The heat-treated welded aluminum frame has a larger diameter tube that absorbs the bumps.
310;2;Bikes;LB ;CM ;Road-150 Red, 62;2171,2942;TRUE;Red;100;3578,27;62;60-62 CM;15;4;R ;2146,962;H ;U ;Road-150;This bike is ridden by race winners. Developed with the Adventure Works Cycles professional race team, it has a extremely light heat-treated aluminum frame, and steering that allows precision control.
311;2;Bikes;LB ;CM ;Road-150 Red, 44;2171,2942;TRUE;Red;100;3578,27;44;42-46 CM;13,77;4;R ;2146,962;H ;U ;Road-150;This bike is ridden by race winners. Developed with the Adventure Works Cycles professional race team, it has a extremely light heat-treated aluminum frame, and steering that allows precision control.
312;2;Bikes;LB ;CM ;Road-150 Red, 48;2171,2942;TRUE;Red;100;3578,27;48;48-52 CM;14,13;4;R ;2146,962;H ;U ;Road-150;This bike is ridden by race winners. Developed with the Adventure Works Cycles professional race team, it has a extremely light heat-treated aluminum frame, and steering that allows precision control.
313;2;Bikes;LB ;CM ;Road-150 Red, 52;2171,2942;TRUE;Red;100;3578,27;52;48-52 CM;14,42;4;R ;2146,962;H ;U ;Road-150;This bike is ridden by race winners. Developed with the Adventure Works Cycles professional race team, it has a extremely light heat-treated aluminum frame, and steering that allows precision control.
314;2;Bikes;LB ;CM ;Road-150 Red, 56;2171,2942;TRUE;Red;100;3578,27;56;54-58 CM;14,68;4;R ;2146,962;H ;U ;Road-150;This bike is ridden by race winners. Developed with the Adventure Works Cycles professional race team, it has a extremely light heat-treated aluminum frame, and steering that allows precision control.
315;2;Bikes;LB ;CM ;Road-450 Red, 58;884,7083;TRUE;Red;100;1457,99;58;54-58 CM;17,79;4;R ;874,794;M ;U ;Road-450;A true multi-sport bike that offers streamlined riding and a revolutionary design. Aerodynamic design lets you ride with the pros, and the gearing will conquer hilly roads.
316;2;Bikes;LB ;CM ;Road-450 Red, 60;884,7083;TRUE;Red;100;1457,99;60;60-62 CM;17,9;4;R ;874,794;M ;U ;Road-450;A true multi-sport bike that offers streamlined riding and a revolutionary design. Aerodynamic design lets you ride with the pros, and the gearing will conquer hilly roads.
317;2;Bikes;LB ;CM ;Road-450 Red, 44;884,7083;TRUE;Red;100;1457,99;44;42-46 CM;16,77;4;R ;874,794;M ;U ;Road-450;A true multi-sport bike that offers streamlined riding and a revolutionary design. Aerodynamic design lets you ride with the pros, and the gearing will conquer hilly roads.
318;2;Bikes;LB ;CM ;Road-450 Red, 48;884,7083;TRUE;Red;100;1457,99;48;48-52 CM;17,13;4;R ;874,794;M ;U ;Road-450;A true multi-sport bike that offers streamlined riding and a revolutionary design. Aerodynamic design lets you ride with the pros, and the gearing will conquer hilly roads.
319;2;Bikes;LB ;CM ;Road-450 Red, 52;884,7083;TRUE;Red;100;1457,99;52;48-52 CM;17,42;4;R ;874,794;M ;U ;Road-450;A true multi-sport bike that offers streamlined riding and a revolutionary design. Aerodynamic design lets you ride with the pros, and the gearing will conquer hilly roads.
320;2;Bikes;LB ;CM ;Road-650 Red, 58;413,1463;TRUE;Red;100;699,0982;58;54-58 CM;19,79;4;R ;419,4589;L ;U ;Road-650;Value-priced bike with many features of our top-of-the-line models. Has the same light, stiff frame, and the quick acceleration we're famous for.
321;2;Bikes;LB ;CM ;Road-650 Red, 58;486,7066;TRUE;Red;100;782,99;58;54-58 CM;19,79;4;R ;469,794;L ;U ;Road-650;Value-priced bike with many features of our top-of-the-line models. Has the same light, stiff frame, and the quick acceleration we're famous for.
322;2;Bikes;LB ;CM ;Road-650 Red, 60;413,1463;TRUE;Red;100;699,0982;60;60-62 CM;19,9;4;R ;419,4589;L ;U ;Road-650;Value-priced bike with many features of our top-of-the-line models. Has the same light, stiff frame, and the quick acceleration we're famous for.
323;2;Bikes;LB ;CM ;Road-650 Red, 60;486,7066;TRUE;Red;100;782,99;60;60-62 CM;19,9;4;R ;469,794;L ;U ;Road-650;Value-priced bike with many features of our top-of-the-line models. Has the same light, stiff frame, and the quick acceleration we're famous for.
324;2;Bikes;LB ;CM ;Road-650 Red, 62;413,1463;TRUE;Red;100;699,0982;62;60-62 CM;20;4;R ;419,4589;L ;U ;Road-650;Value-priced bike with many features of our top-of-the-line models. Has the same light, stiff frame, and the quick acceleration we're famous for.
325;2;Bikes;LB ;CM ;Road-650 Red, 62;486,7066;TRUE;Red;100;782,99;62;60-62 CM;20;4;R ;469,794;L ;U ;Road-650;Value-priced bike with many features of our top-of-the-line models. Has the same light, stiff frame, and the quick acceleration we're famous for.
326;2;Bikes;LB ;CM ;Road-650 Red, 44;413,1463;TRUE;Red;100;699,0982;44;42-46 CM;18,77;4;R ;419,4589;L ;U ;Road-650;Value-priced bike with many features of our top-of-the-line models. Has the same light, stiff frame, and the quick acceleration we're famous for.
327;2;Bikes;LB ;CM ;Road-650 Red, 44;486,7066;TRUE;Red;100;782,99;44;42-46 CM;18,77;4;R ;469,794;L ;U ;Road-650;Value-priced bike with many features of our top-of-the-line models. Has the same light, stiff frame, and the quick acceleration we're famous for.
328;2;Bikes;LB ;CM ;Road-650 Red, 48;413,1463;TRUE;Red;100;699,0982;48;48-52 CM;19,13;4;R ;419,4589;L ;U ;Road-650;Value-priced bike with many features of our top-of-the-line models. Has the same light, stiff frame, and the quick acceleration we're famous for.
329;2;Bikes;LB ;CM ;Road-650 Red, 48;486,7066;TRUE;Red;100;782,99;48;48-52 CM;19,13;4;R ;469,794;L ;U ;Road-650;Value-priced bike with many features of our top-of-the-line models. Has the same light, stiff frame, and the quick acceleration we're famous for.
330;2;Bikes;LB ;CM ;Road-650 Red, 52;413,1463;TRUE;Red;100;699,0982;52;48-52 CM;19,42;4;R ;419,4589;L ;U ;Road-650;Value-priced bike with many features of our top-of-the-line models. Has the same light, stiff frame, and the quick acceleration we're famous for.
331;2;Bikes;LB ;CM ;Road-650 Red, 52;486,7066;TRUE;Red;100;782,99;52;48-52 CM;19,42;4;R ;469,794;L ;U ;Road-650;Value-priced bike with many features of our top-of-the-line models. Has the same light, stiff frame, and the quick acceleration we're famous for.
332;2;Bikes;LB ;CM ;Road-650 Black, 58;413,1463;TRUE;Black;100;699,0982;58;54-58 CM;19,79;4;R ;419,4589;L ;U ;Road-650;Value-priced bike with many features of our top-of-the-line models. Has the same light, stiff frame, and the quick acceleration we're famous for.
333;2;Bikes;LB ;CM ;Road-650 Black, 58;486,7066;TRUE;Black;100;782,99;58;54-58 CM;19,79;4;R ;469,794;L ;U ;Road-650;Value-priced bike with many features of our top-of-the-line models. Has the same light, stiff frame, and the quick acceleration we're famous for.
334;2;Bikes;LB ;CM ;Road-650 Black, 60;413,1463;TRUE;Black;100;699,0982;60;60-62 CM;19,9;4;R ;419,4589;L ;U ;Road-650;Value-priced bike with many features of our top-of-the-line models. Has the same light, stiff frame, and the quick acceleration we're famous for.
335;2;Bikes;LB ;CM ;Road-650 Black, 60;486,7066;TRUE;Black;100;782,99;60;60-62 CM;19,9;4;R ;469,794;L ;U ;Road-650;Value-priced bike with many features of our top-of-the-line models. Has the same light, stiff frame, and the quick acceleration we're famous for.
336;2;Bikes;LB ;CM ;Road-650 Black, 62;413,1463;TRUE;Black;100;699,0982;62;60-62 CM;20;4;R ;419,4589;L ;U ;Road-650;Value-priced bike with many features of our top-of-the-line models. Has the same light, stiff frame, and the quick acceleration we're famous for.
337;2;Bikes;LB ;CM ;Road-650 Black, 62;486,7066;TRUE;Black;100;782,99;62;60-62 CM;20;4;R ;469,794;L ;U ;Road-650;Value-priced bike with many features of our top-of-the-line models. Has the same light, stiff frame, and the quick acceleration we're famous for.
338;2;Bikes;LB ;CM ;Road-650 Black, 44;413,1463;TRUE;Black;100;699,0982;44;42-46 CM;18,77;4;R ;419,4589;L ;U ;Road-650;Value-priced bike with many features of our top-of-the-line models. Has the same light, stiff frame, and the quick acceleration we're famous for.
339;2;Bikes;LB ;CM ;Road-650 Black, 44;486,7066;TRUE;Black;100;782,99;44;42-46 CM;18,77;4;R ;469,794;L ;U ;Road-650;Value-priced bike with many features of our top-of-the-line models. Has the same light, stiff frame, and the quick acceleration we're famous for.
340;2;Bikes;LB ;CM ;Road-650 Black, 48;413,1463;TRUE;Black;100;699,0982;48;48-52 CM;19,13;4;R ;419,4589;L ;U ;Road-650;Value-priced bike with many features of our top-of-the-line models. Has the same light, stiff frame, and the quick acceleration we're famous for.
341;2;Bikes;LB ;CM ;Road-650 Black, 48;486,7066;TRUE;Black;100;782,99;48;48-52 CM;19,13;4;R ;469,794;L ;U ;Road-650;Value-priced bike with many features of our top-of-the-line models. Has the same light, stiff frame, and the quick acceleration we're famous for.
342;2;Bikes;LB ;CM ;Road-650 Black, 52;413,1463;TRUE;Black;100;699,0982;52;48-52 CM;19,42;4;R ;419,4589;L ;U ;Road-650;Value-priced bike with many features of our top-of-the-line models. Has the same light, stiff frame, and the quick acceleration we're famous for.
343;2;Bikes;LB ;CM ;Road-650 Black, 52;486,7066;TRUE;Black;100;782,99;52;48-52 CM;19,42;4;R ;469,794;L ;U ;Road-650;Value-priced bike with many features of our top-of-the-line models. Has the same light, stiff frame, and the quick acceleration we're famous for.
344;1;Bikes;LB ;CM ;Mountain-100 Silver, 38;1912,1544;TRUE;Silver;100;3399,99;38;38-40 CM;20,35;4;M ;2039,994;H ;U ;Mountain-100;Top-of-the-line competition mountain bike. Performance-enhancing options include the innovative HL Frame, super-smooth front suspension, and traction for all terrain.
345;1;Bikes;LB ;CM ;Mountain-100 Silver, 42;1912,1544;TRUE;Silver;100;3399,99;42;42-46 CM;20,77;4;M ;2039,994;H ;U ;Mountain-100;Top-of-the-line competition mountain bike. Performance-enhancing options include the innovative HL Frame, super-smooth front suspension, and traction for all terrain.
346;1;Bikes;LB ;CM ;Mountain-100 Silver, 44;1912,1544;TRUE;Silver;100;3399,99;44;42-46 CM;21,13;4;M ;2039,994;H ;U ;Mountain-100;Top-of-the-line competition mountain bike. Performance-enhancing options include the innovative HL Frame, super-smooth front suspension, and traction for all terrain.
347;1;Bikes;LB ;CM ;Mountain-100 Silver, 48;1912,1544;TRUE;Silver;100;3399,99;48;48-52 CM;21,42;4;M ;2039,994;H ;U ;Mountain-100;Top-of-the-line competition mountain bike. Performance-enhancing options include the innovative HL Frame, super-smooth front suspension, and traction for all terrain.
348;1;Bikes;LB ;CM ;Mountain-100 Black, 38;1898,0944;TRUE;Black;100;3374,99;38;38-40 CM;20,35;4;M ;2024,994;H ;U ;Mountain-100;Top-of-the-line competition mountain bike. Performance-enhancing options include the innovative HL Frame, super-smooth front suspension, and traction for all terrain.
349;1;Bikes;LB ;CM ;Mountain-100 Black, 42;1898,0944;TRUE;Black;100;3374,99;42;42-46 CM;20,77;4;M ;2024,994;H ;U ;Mountain-100;Top-of-the-line competition mountain bike. Performance-enhancing options include the innovative HL Frame, super-smooth front suspension, and traction for all terrain.
350;1;Bikes;LB ;CM ;Mountain-100 Black, 44;1898,0944;TRUE;Black;100;3374,99;44;42-46 CM;21,13;4;M ;2024,994;H ;U ;Mountain-100;Top-of-the-line competition mountain bike. Performance-enhancing options include the innovative HL Frame, super-smooth front suspension, and traction for all terrain.
351;1;Bikes;LB ;CM ;Mountain-100 Black, 48;1898,0944;TRUE;Black;100;3374,99;48;48-52 CM;21,42;4;M ;2024,994;H ;U ;Mountain-100;Top-of-the-line competition mountain bike. Performance-enhancing options include the innovative HL Frame, super-smooth front suspension, and traction for all terrain.
352;1;Bikes;LB ;CM ;Mountain-200 Silver, 38;1117,8559;TRUE;Silver;100;2071,4196;38;38-40 CM;23,35;4;M ;1242,8518;H ;U ;Mountain-200;Serious back-country riding. Perfect for all levels of competition. Uses the same HL Frame as the Mountain-100.
353;1;Bikes;LB ;CM ;Mountain-200 Silver, 38;1265,6195;TRUE;Silver;100;2319,99;38;38-40 CM;23,35;4;M ;1391,994;H ;U ;Mountain-200;Serious back-country riding. Perfect for all levels of competition. Uses the same HL Frame as the Mountain-100.
354;1;Bikes;LB ;CM ;Mountain-200 Silver, 42;1117,8559;TRUE;Silver;100;2071,4196;42;42-46 CM;23,77;4;M ;1242,8518;H ;U ;Mountain-200;Serious back-country riding. Perfect for all levels of competition. Uses the same HL Frame as the Mountain-100.
355;1;Bikes;LB ;CM ;Mountain-200 Silver, 42;1265,6195;TRUE;Silver;100;2319,99;42;42-46 CM;23,77;4;M ;1391,994;H ;U ;Mountain-200;Serious back-country riding. Perfect for all levels of competition. Uses the same HL Frame as the Mountain-100.
356;1;Bikes;LB ;CM ;Mountain-200 Silver, 46;1117,8559;TRUE;Silver;100;2071,4196;46;42-46 CM;24,13;4;M ;1242,8518;H ;U ;Mountain-200;Serious back-country riding. Perfect for all levels of competition. Uses the same HL Frame as the Mountain-100.
357;1;Bikes;LB ;CM ;Mountain-200 Silver, 46;1265,6195;TRUE;Silver;100;2319,99;46;42-46 CM;24,13;4;M ;1391,994;H ;U ;Mountain-200;Serious back-country riding. Perfect for all levels of competition. Uses the same HL Frame as the Mountain-100.
358;1;Bikes;LB ;CM ;Mountain-200 Black, 38;1105,81;TRUE;Black;100;2049,0982;38;38-40 CM;23,35;4;M ;1229,4589;H ;U ;Mountain-200;Serious back-country riding. Perfect for all levels of competition. Uses the same HL Frame as the Mountain-100.
359;1;Bikes;LB ;CM ;Mountain-200 Black, 38;1251,9813;TRUE;Black;100;2294,99;38;38-40 CM;23,35;4;M ;1376,994;H ;U ;Mountain-200;Serious back-country riding. Perfect for all levels of competition. Uses the same HL Frame as the Mountain-100.
360;1;Bikes;LB ;CM ;Mountain-200 Black, 42;1105,81;TRUE;Black;100;2049,0982;42;42-46 CM;23,77;4;M ;1229,4589;H ;U ;Mountain-200;Serious back-country riding. Perfect for all levels of competition. Uses the same HL Frame as the Mountain-100.
361;1;Bikes;LB ;CM ;Mountain-200 Black, 42;1251,9813;TRUE;Black;100;2294,99;42;42-46 CM;23,77;4;M ;1376,994;H ;U ;Mountain-200;Serious back-country riding. Perfect for all levels of competition. Uses the same HL Frame as the Mountain-100.
362;1;Bikes;LB ;CM ;Mountain-200 Black, 46;1105,81;TRUE;Black;100;2049,0982;46;42-46 CM;24,13;4;M ;1229,4589;H ;U ;Mountain-200;Serious back-country riding. Perfect for all levels of competition. Uses the same HL Frame as the Mountain-100.
363;1;Bikes;LB ;CM ;Mountain-200 Black, 46;1251,9813;TRUE;Black;100;2294,99;46;42-46 CM;24,13;4;M ;1376,994;H ;U ;Mountain-200;Serious back-country riding. Perfect for all levels of competition. Uses the same HL Frame as the Mountain-100.
364;1;Bikes;LB ;CM ;Mountain-300 Black, 38;598,4354;TRUE;Black;100;1079,99;38;38-40 CM;25,35;4;M ;647,994;M ;U ;Mountain-300;For true trail addicts.  An extremely durable bike that will go anywhere and keep you in control on challenging terrain - without breaking your budget.
365;1;Bikes;LB ;CM ;Mountain-300 Black, 40;598,4354;TRUE;Black;100;1079,99;40;38-40 CM;25,77;4;M ;647,994;M ;U ;Mountain-300;For true trail addicts.  An extremely durable bike that will go anywhere and keep you in control on challenging terrain - without breaking your budget.
366;1;Bikes;LB ;CM ;Mountain-300 Black, 44;598,4354;TRUE;Black;100;1079,99;44;42-46 CM;26,13;4;M ;647,994;M ;U ;Mountain-300;For true trail addicts.  An extremely durable bike that will go anywhere and keep you in control on challenging terrain - without breaking your budget.
367;1;Bikes;LB ;CM ;Mountain-300 Black, 48;598,4354;TRUE;Black;100;1079,99;48;48-52 CM;26,42;4;M ;647,994;M ;U ;Mountain-300;For true trail addicts.  An extremely durable bike that will go anywhere and keep you in control on challenging terrain - without breaking your budget.
368;2;Bikes;LB ;CM ;Road-250 Red, 44;1518,7864;TRUE;Red;100;2443,35;44;42-46 CM;14,77;4;R ;1466,01;H ;U ;Road-250;Alluminum-alloy frame provides a light, stiff ride, whether you are racing in the velodrome or on a demanding club ride on country roads.
369;2;Bikes;LB ;CM ;Road-250 Red, 48;1518,7864;TRUE;Red;100;2443,35;48;48-52 CM;15,13;4;R ;1466,01;H ;U ;Road-250;Alluminum-alloy frame provides a light, stiff ride, whether you are racing in the velodrome or on a demanding club ride on country roads.
370;2;Bikes;LB ;CM ;Road-250 Red, 52;1518,7864;TRUE;Red;100;2443,35;52;48-52 CM;15,42;4;R ;1466,01;H ;U ;Road-250;Alluminum-alloy frame provides a light, stiff ride, whether you are racing in the velodrome or on a demanding club ride on country roads.
371;2;Bikes;LB ;CM ;Road-250 Red, 58;1320,6838;TRUE;Red;100;2181,5625;58;54-58 CM;15,79;4;R ;1308,9375;H ;U ;Road-250;Alluminum-alloy frame provides a light, stiff ride, whether you are racing in the velodrome or on a demanding club ride on country roads.
372;2;Bikes;LB ;CM ;Road-250 Red, 58;1554,9479;TRUE;Red;100;2443,35;58;54-58 CM;15,79;4;R ;1466,01;H ;U ;Road-250;Alluminum-alloy frame provides a light, stiff ride, whether you are racing in the velodrome or on a demanding club ride on country roads.
373;2;Bikes;LB ;CM ;Road-250 Black, 44;1320,6838;TRUE;Black;100;2181,5625;44;42-46 CM;14,77;4;R ;1308,9375;H ;U ;Road-250;Alluminum-alloy frame provides a light, stiff ride, whether you are racing in the velodrome or on a demanding club ride on country roads.
374;2;Bikes;LB ;CM ;Road-250 Black, 44;1554,9479;TRUE;Black;100;2443,35;44;42-46 CM;14,77;4;R ;1466,01;H ;U ;Road-250;Alluminum-alloy frame provides a light, stiff ride, whether you are racing in the velodrome or on a demanding club ride on country roads.
375;2;Bikes;LB ;CM ;Road-250 Black, 48;1320,6838;TRUE;Black;100;2181,5625;48;48-52 CM;15,13;4;R ;1308,9375;H ;U ;Road-250;Alluminum-alloy frame provides a light, stiff ride, whether you are racing in the velodrome or on a demanding club ride on country roads.
376;2;Bikes;LB ;CM ;Road-250 Black, 48;1554,9479;TRUE;Black;100;2443,35;48;48-52 CM;15,13;4;R ;1466,01;H ;U ;Road-250;Alluminum-alloy frame provides a light, stiff ride, whether you are racing in the velodrome or on a demanding club ride on country roads.
377;2;Bikes;LB ;CM ;Road-250 Black, 52;1320,6838;TRUE;Black;100;2181,5625;52;48-52 CM;15,42;4;R ;1308,9375;H ;U ;Road-250;Alluminum-alloy frame provides a light, stiff ride, whether you are racing in the velodrome or on a demanding club ride on country roads.
378;2;Bikes;LB ;CM ;Road-250 Black, 52;1554,9479;TRUE;Black;100;2443,35;52;48-52 CM;15,42;4;R ;1466,01;H ;U ;Road-250;Alluminum-alloy frame provides a light, stiff ride, whether you are racing in the velodrome or on a demanding club ride on country roads.
379;2;Bikes;LB ;CM ;Road-250 Black, 58;1320,6838;TRUE;Black;100;2181,5625;58;54-58 CM;15,68;4;R ;1308,9375;H ;U ;Road-250;Alluminum-alloy frame provides a light, stiff ride, whether you are racing in the velodrome or on a demanding club ride on country roads.
380;2;Bikes;LB ;CM ;Road-250 Black, 58;1554,9479;TRUE;Black;100;2443,35;58;54-58 CM;15,68;4;R ;1466,01;H ;U ;Road-250;Alluminum-alloy frame provides a light, stiff ride, whether you are racing in the velodrome or on a demanding club ride on country roads.
381;2;Bikes;LB ;CM ;Road-550-W Yellow, 38;605,6492;TRUE;Yellow;100;1000,4375;38;38-40 CM;17,35;4;R ;600,2625;M ;W ;Road-550-W;Same technology as all of our Road series bikes, but the frame is sized for a woman.  Perfect all-around bike for road or racing.
382;2;Bikes;LB ;CM ;Road-550-W Yellow, 38;713,0798;TRUE;Yellow;100;1120,49;38;38-40 CM;17,35;4;R ;672,294;M ;W ;Road-550-W;Same technology as all of our Road series bikes, but the frame is sized for a woman.  Perfect all-around bike for road or racing.
383;2;Bikes;LB ;CM ;Road-550-W Yellow, 40;605,6492;TRUE;Yellow;100;1000,4375;40;38-40 CM;17,77;4;R ;600,2625;M ;W ;Road-550-W;Same technology as all of our Road series bikes, but the frame is sized for a woman.  Perfect all-around bike for road or racing.
384;2;Bikes;LB ;CM ;Road-550-W Yellow, 40;713,0798;TRUE;Yellow;100;1120,49;40;38-40 CM;17,77;4;R ;672,294;M ;W ;Road-550-W;Same technology as all of our Road series bikes, but the frame is sized for a woman.  Perfect all-around bike for road or racing.
385;2;Bikes;LB ;CM ;Road-550-W Yellow, 42;605,6492;TRUE;Yellow;100;1000,4375;42;42-46 CM;18,13;4;R ;600,2625;M ;W ;Road-550-W;Same technology as all of our Road series bikes, but the frame is sized for a woman.  Perfect all-around bike for road or racing.
386;2;Bikes;LB ;CM ;Road-550-W Yellow, 42;713,0798;TRUE;Yellow;100;1120,49;42;42-46 CM;18,13;4;R ;672,294;M ;W ;Road-550-W;Same technology as all of our Road series bikes, but the frame is sized for a woman.  Perfect all-around bike for road or racing.
387;2;Bikes;LB ;CM ;Road-550-W Yellow, 44;605,6492;TRUE;Yellow;100;1000,4375;44;42-46 CM;18,42;4;R ;600,2625;M ;W ;Road-550-W;Same technology as all of our Road series bikes, but the frame is sized for a woman.  Perfect all-around bike for road or racing.
388;2;Bikes;LB ;CM ;Road-550-W Yellow, 44;713,0798;TRUE;Yellow;100;1120,49;44;42-46 CM;18,42;4;R ;672,294;M ;W ;Road-550-W;Same technology as all of our Road series bikes, but the frame is sized for a woman.  Perfect all-around bike for road or racing.
389;2;Bikes;LB ;CM ;Road-550-W Yellow, 48;605,6492;TRUE;Yellow;100;1000,4375;48;48-52 CM;18,68;4;R ;600,2625;M ;W ;Road-550-W;Same technology as all of our Road series bikes, but the frame is sized for a woman.  Perfect all-around bike for road or racing.
390;2;Bikes;LB ;CM ;Road-550-W Yellow, 48;713,0798;TRUE;Yellow;100;1120,49;48;48-52 CM;18,68;4;R ;672,294;M ;W ;Road-550-W;Same technology as all of our Road series bikes, but the frame is sized for a woman.  Perfect all-around bike for road or racing.
391;10;Components;;;LL Fork;65,8097;TRUE;NA;500;148,22;;NA;;1;;88,932;L ;;LL Fork;Stout design absorbs shock and offers more precise steering.
392;10;Components;;;ML Fork;77,9176;TRUE;NA;500;175,49;;NA;;1;;105,294;M ;;ML Fork;Composite road fork with an aluminum steerer tube.
393;10;Components;;;HL Fork;101,8936;TRUE;NA;500;229,49;;NA;;1;;137,694;H ;;HL Fork;High-performance carbon road fork with curved legs.
394;11;Components;;;LL Headset;15,1848;TRUE;NA;500;34,2;;NA;;1;;20,52;L ;;LL Headset;Threadless headset provides quality at an economical price.
395;11;Components;;;ML Headset;45,4168;TRUE;NA;500;102,29;;NA;;1;;61,374;M ;;ML Headset;Sealed cartridge keeps dirt out.
396;11;Components;;;HL Headset;55,3801;TRUE;NA;500;124,73;;NA;;1;;74,838;H ;;HL Headset;"High-quality 1 threadless headset with a grease port for quick lubrication."""
397;4;Components;;;LL Mountain Handlebars;17,978;TRUE;NA;500;40,4909;;NA;;1;M ;24,2945;L ;;LL Mountain Handlebars;All-purpose bar for on or off-road.
398;4;Components;;;LL Mountain Handlebars;19,7758;TRUE;NA;500;44,54;;NA;;1;M ;26,724;L ;;LL Mountain Handlebars;All-purpose bar for on or off-road.
399;4;Components;;;ML Mountain Handlebars;24,9932;TRUE;NA;500;56,2909;;NA;;1;M ;33,7745;M ;;ML Mountain Handlebars;Tough aluminum alloy bars for downhill.
400;4;Components;;;ML Mountain Handlebars;27,4925;TRUE;NA;500;61,92;;NA;;1;M ;37,152;M ;;ML Mountain Handlebars;Tough aluminum alloy bars for downhill.
401;4;Components;;;HL Mountain Handlebars;48,5453;TRUE;NA;500;109,3364;;NA;;1;M ;65,6018;H ;;HL Mountain Handlebars;Flat bar strong enough for the pro circuit.
402;4;Components;;;HL Mountain Handlebars;53,3999;TRUE;NA;500;120,27;;NA;;1;M ;72,162;H ;;HL Mountain Handlebars;Flat bar strong enough for the pro circuit.
403;4;Components;;;LL Road Handlebars;17,978;TRUE;NA;500;40,4909;;NA;;1;R ;24,2945;L ;;LL Road Handlebars;Unique shape provides easier reach to the levers.
404;4;Components;;;LL Road Handlebars;19,7758;TRUE;NA;500;44,54;;NA;;1;R ;26,724;L ;;LL Road Handlebars;Unique shape provides easier reach to the levers.
405;4;Components;;;ML Road Handlebars;24,9932;TRUE;NA;500;56,2909;;NA;;1;R ;33,7745;M ;;ML Road Handlebars;Anatomically shaped aluminum tube bar will suit all riders.
406;4;Components;;;ML Road Handlebars;27,4925;TRUE;NA;500;61,92;;NA;;1;R ;37,152;M ;;ML Road Handlebars;Anatomically shaped aluminum tube bar will suit all riders.
407;4;Components;;;HL Road Handlebars;48,5453;TRUE;NA;500;109,3364;;NA;;1;R ;65,6018;H ;;HL Road Handlebars;"Designed for racers; high-end anatomically shaped bar from aluminum alloy."
408;4;Components;;;HL Road Handlebars;53,3999;TRUE;NA;500;120,27;;NA;;1;R ;72,162;H ;;HL Road Handlebars;"Designed for racers; high-end anatomically shaped bar from aluminum alloy."
409;12;Components;LB ;CM ;ML Mountain Frame - Black, 38;185,8193;TRUE;Black;500;348,76;38;38-40 CM;2,73;2;M ;209,256;M ;U ;ML Mountain Frame-W;The ML frame is a heat-treated aluminum frame made with the same detail and quality as our HL frame. It offers superior performance. Men's version.
410;17;Components;;;LL Mountain Front Wheel;26,9708;TRUE;Black;500;60,745;;NA;;1;M ;36,447;L ;;LL Mountain Front Wheel;Replacement mountain wheel for entry-level rider.
411;17;Components;;;ML Mountain Front Wheel;92,8071;TRUE;Black;500;209,025;;NA;;1;M ;125,415;M ;;ML Mountain Front Wheel;Replacement mountain wheel for the casual to serious rider.
412;17;Components;;;HL Mountain Front Wheel;133,2955;TRUE;Black;500;300,215;;NA;;1;M ;180,129;H ;;HL Mountain Front Wheel;High-performance mountain replacement wheel.
413;17;Components;G  ;;LL Road Front Wheel;37,9909;TRUE;Black;500;85,565;;NA;900;1;R ;51,339;L ;;LL Road Front Wheel;Replacement road front wheel for entry-level cyclist.
414;17;Components;G  ;;ML Road Front Wheel;110,2829;TRUE;Black;500;248,385;;NA;850;1;R ;149,031;M ;;ML Road Front Wheel;Sturdy alloy features a quick-release hub.
415;17;Components;G  ;;HL Road Front Wheel;146,5466;TRUE;Black;500;330,06;;NA;650;1;R ;198,036;H ;;HL Road Front Wheel;Strong wheel with double-walled rim.
416;17;Components;;;Touring Front Wheel;96,7964;TRUE;Black;500;218,01;;NA;;1;T ;130,806;;;Touring Front Wheel;Aerodynamic rims for smooth riding.
417;14;Components;LB ;CM ;ML Road Frame-W - Yellow, 38;300,1188;TRUE;Yellow;500;540,7545;38;38-40 CM;2,18;2;R ;324,4527;M ;W ;ML Road Frame-W;Made from the same aluminum alloy as our top-of-the line HL frame, the ML features a lightweight down-tube milled to the perfect diameter for optimal strength. Women's version.
418;14;Components;LB ;CM ;ML Road Frame-W - Yellow, 38;360,9428;TRUE;Yellow;500;594,83;38;38-40 CM;2,18;2;R ;356,898;M ;W ;ML Road Frame-W;Made from the same aluminum alloy as our top-of-the line HL frame, the ML features a lightweight down-tube milled to the perfect diameter for optimal strength. Women's version.
419;17;Components;;;LL Mountain Rear Wheel;38,9588;TRUE;Black;500;87,745;;NA;;1;M ;52,647;L ;;LL Mountain Rear Wheel;Replacement mountain wheel for entry-level rider.
420;17;Components;;;ML Mountain Rear Wheel;104,7951;TRUE;Black;500;236,025;;NA;;1;M ;141,615;M ;;ML Mountain Rear Wheel;Replacement mountain wheel for the casual to serious rider.
421;17;Components;;;HL Mountain Rear Wheel;145,2835;TRUE;Black;500;327,215;;NA;;1;M ;196,329;H ;;HL Mountain Rear Wheel;High-performance mountain replacement wheel.
422;17;Components;G  ;;LL Road Rear Wheel;49,9789;TRUE;Black;500;112,565;;NA;1050;1;R ;67,539;L ;;LL Road Rear Wheel;Replacement road rear wheel for entry-level cyclist.
423;17;Components;G  ;;ML Road Rear Wheel;122,2709;TRUE;Black;500;275,385;;NA;1000;1;R ;165,231;M ;;ML Road Rear Wheel;"Aluminum alloy rim with stainless steel spokes; built for speed."
424;17;Components;G  ;;HL Road Rear Wheel;158,5346;TRUE;Black;500;357,06;;NA;890;1;R ;214,236;H ;;HL Road Rear Wheel;Strong rear wheel with double-walled rim.
425;17;Components;;;Touring Rear Wheel;108,7844;TRUE;Black;500;245,01;;NA;;1;T ;147,006;;;Touring Rear Wheel;Excellent aerodynamic rims guarantee a smooth ride.
426;12;Components;LB ;CM ;ML Mountain Frame - Black, 40;185,8193;TRUE;Black;500;348,76;40;38-40 CM;2,77;1;M ;209,256;M ;U ;ML Mountain Frame;The ML frame is a heat-treated aluminum frame made with the same detail and quality as our HL frame. It offers superior performance. Women's version.
427;12;Components;LB ;CM ;ML Mountain Frame - Black, 44;185,8193;TRUE;Black;500;348,76;44;42-46 CM;2,81;1;M ;209,256;M ;U ;ML Mountain Frame;The ML frame is a heat-treated aluminum frame made with the same detail and quality as our HL frame. It offers superior performance. Women's version.
428;12;Components;LB ;CM ;ML Mountain Frame - Black, 48;185,8193;TRUE;Black;500;348,76;48;48-52 CM;2,85;1;M ;209,256;M ;U ;ML Mountain Frame;The ML frame is a heat-treated aluminum frame made with the same detail and quality as our HL frame. It offers superior performance. Women's version.
429;14;Components;LB ;CM ;ML Road Frame-W - Yellow, 40;300,1188;TRUE;Yellow;500;540,7545;40;38-40 CM;2,22;1;R ;324,4527;M ;W ;ML Road Frame-W;Made from the same aluminum alloy as our top-of-the line HL frame, the ML features a lightweight down-tube milled to the perfect diameter for optimal strength. Women's version.
430;14;Components;LB ;CM ;ML Road Frame-W - Yellow, 40;360,9428;TRUE;Yellow;500;594,83;40;38-40 CM;2,22;1;R ;356,898;M ;W ;ML Road Frame-W;Made from the same aluminum alloy as our top-of-the line HL frame, the ML features a lightweight down-tube milled to the perfect diameter for optimal strength. Women's version.
431;14;Components;LB ;CM ;ML Road Frame-W - Yellow, 42;300,1188;TRUE;Yellow;500;540,7545;42;42-46 CM;2,26;1;R ;324,4527;M ;W ;ML Road Frame-W;Made from the same aluminum alloy as our top-of-the line HL frame, the ML features a lightweight down-tube milled to the perfect diameter for optimal strength. Women's version.
432;14;Components;LB ;CM ;ML Road Frame-W - Yellow, 42;360,9428;TRUE;Yellow;500;594,83;42;42-46 CM;2,26;1;R ;356,898;M ;W ;ML Road Frame-W;Made from the same aluminum alloy as our top-of-the line HL frame, the ML features a lightweight down-tube milled to the perfect diameter for optimal strength. Women's version.
433;14;Components;LB ;CM ;ML Road Frame-W - Yellow, 44;300,1188;TRUE;Yellow;500;540,7545;44;42-46 CM;2,3;1;R ;324,4527;M ;W ;ML Road Frame-W;Made from the same aluminum alloy as our top-of-the line HL frame, the ML features a lightweight down-tube milled to the perfect diameter for optimal strength. Women's version.
434;14;Components;LB ;CM ;ML Road Frame-W - Yellow, 44;360,9428;TRUE;Yellow;500;594,83;44;42-46 CM;2,3;1;R ;356,898;M ;W ;ML Road Frame-W;Made from the same aluminum alloy as our top-of-the line HL frame, the ML features a lightweight down-tube milled to the perfect diameter for optimal strength. Women's version.
435;14;Components;LB ;CM ;ML Road Frame-W - Yellow, 48;300,1188;TRUE;Yellow;500;540,7545;48;48-52 CM;2,34;1;R ;324,4527;M ;W ;ML Road Frame-W;Made from the same aluminum alloy as our top-of-the line HL frame, the ML features a lightweight down-tube milled to the perfect diameter for optimal strength. Women's version.
436;14;Components;LB ;CM ;ML Road Frame-W - Yellow, 48;360,9428;TRUE;Yellow;500;594,83;48;48-52 CM;2,34;1;R ;356,898;M ;W ;ML Road Frame-W;Made from the same aluminum alloy as our top-of-the line HL frame, the ML features a lightweight down-tube milled to the perfect diameter for optimal strength. Women's version.
437;14;Components;LB ;CM ;HL Road Frame - Black, 62;722,2568;TRUE;Black;500;1301,3636;62;60-62 CM;2,3;1;R ;780,8182;H ;U ;HL Road Frame;"Our lightest and best quality aluminum frame made from the newest alloy; it is welded and heat-treated for strength. Our innovative design results in maximum comfort and performance."
438;14;Components;LB ;CM ;HL Road Frame - Black, 62;868,6342;TRUE;Black;500;1431,5;62;60-62 CM;2,3;1;R ;858,9;H ;U ;HL Road Frame;"Our lightest and best quality aluminum frame made from the newest alloy; it is welded and heat-treated for strength. Our innovative design results in maximum comfort and performance."
439;14;Components;LB ;CM ;HL Road Frame - Black, 44;722,2568;TRUE;Black;500;1301,3636;44;42-46 CM;2,12;1;R ;780,8182;H ;U ;HL Road Frame;"Our lightest and best quality aluminum frame made from the newest alloy; it is welded and heat-treated for strength. Our innovative design results in maximum comfort and performance."
440;14;Components;LB ;CM ;HL Road Frame - Black, 44;868,6342;TRUE;Black;500;1431,5;44;42-46 CM;2,12;1;R ;858,9;H ;U ;HL Road Frame;"Our lightest and best quality aluminum frame made from the newest alloy; it is welded and heat-treated for strength. Our innovative design results in maximum comfort and performance."
441;14;Components;LB ;CM ;HL Road Frame - Black, 48;722,2568;TRUE;Black;500;1301,3636;48;48-52 CM;2,16;1;R ;780,8182;H ;U ;HL Road Frame;"Our lightest and best quality aluminum frame made from the newest alloy; it is welded and heat-treated for strength. Our innovative design results in maximum comfort and performance."
442;14;Components;LB ;CM ;HL Road Frame - Black, 48;868,6342;TRUE;Black;500;1431,5;48;48-52 CM;2,16;1;R ;858,9;H ;U ;HL Road Frame;"Our lightest and best quality aluminum frame made from the newest alloy; it is welded and heat-treated for strength. Our innovative design results in maximum comfort and performance."
443;14;Components;LB ;CM ;HL Road Frame - Black, 52;722,2568;TRUE;Black;500;1301,3636;52;48-52 CM;2,2;1;R ;780,8182;H ;U ;HL Road Frame;"Our lightest and best quality aluminum frame made from the newest alloy; it is welded and heat-treated for strength. Our innovative design results in maximum comfort and performance."
444;14;Components;LB ;CM ;HL Road Frame - Black, 52;868,6342;TRUE;Black;500;1431,5;52;48-52 CM;2,2;1;R ;858,9;H ;U ;HL Road Frame;"Our lightest and best quality aluminum frame made from the newest alloy; it is welded and heat-treated for strength. Our innovative design results in maximum comfort and performance."
445;22;Clothing;;;Men's Sports Shorts, S;24,7459;TRUE;Black;4;59,99;S;S;;0;S ;35,994;;M ;Men's Sports Shorts;Men's 8-panel racing shorts - lycra with an elastic waistband and leg grippers.
446;35;Accessories;;;Touring-Panniers, Large;51,5625;TRUE;Grey;4;125;;NA;;0;T ;75;;;Touring-Panniers;Durable, water-proof nylon construction with easy access. Large enough for weekend trips.
447;34;Accessories;;;Cable Lock;10,3125;TRUE;NA;4;25;;NA;;0;S ;15;;;Cable Lock;Wraps to fit front and rear tires, carrier and 2 keys included.
448;36;Accessories;;;Minipump;8,2459;TRUE;NA;4;19,99;;NA;;0;S ;11,994;;;Minipump;Designed for convenience. Fits in your pocket. Aluminum barrel. 160psi rated.
449;36;Accessories;;;Mountain Pump;10,3084;TRUE;NA;4;24,99;;NA;;0;M ;14,994;;;Mountain Pump;Simple and light-weight. Emergency patches stored in handle.
450;33;Accessories;;;Taillights - Battery-Powered;5,7709;TRUE;NA;4;13,99;;NA;;0;R ;8,394;;;Taillight;Affordable light for safe night riding - uses 3 AAA batteries
451;33;Accessories;;;Headlights - Dual-Beam;14,4334;TRUE;NA;4;34,99;;NA;;0;R ;20,994;;;Headlights - Dual-Beam;Rechargeable dual-beam headlight.
452;33;Accessories;;;Headlights - Weatherproof;18,5584;TRUE;NA;4;44,99;;NA;;0;R ;26,994;;;Headlights - Weatherproof;Rugged weatherproof headlight.
453;22;Clothing;;;Men's Sports Shorts, M;24,7459;TRUE;Black;4;59,99;M;M;;0;S ;35,994;;M ;Men's Sports Shorts;Men's 8-panel racing shorts - lycra with an elastic waistband and leg grippers.
454;22;Clothing;;;Men's Sports Shorts, L;24,7459;TRUE;Black;4;59,99;L;L;;0;S ;35,994;;M ;Men's Sports Shorts;Men's 8-panel racing shorts - lycra with an elastic waistband and leg grippers.
455;22;Clothing;;;Men's Sports Shorts, XL;24,7459;TRUE;Black;4;59,99;XL;XL;;0;S ;35,994;;M ;Men's Sports Shorts;Men's 8-panel racing shorts - lycra with an elastic waistband and leg grippers.
456;24;Clothing;;;Women's Tights, S;30,9334;TRUE;Black;4;74,99;S;S;;0;S ;44,994;;W ;Women's Tights;"Warm spandex tights for winter riding; seamless chamois construction eliminates pressure points."
457;24;Clothing;;;Women's Tights, M;30,9334;TRUE;Black;4;74,99;M;M;;0;S ;44,994;;W ;Women's Tights;"Warm spandex tights for winter riding; seamless chamois construction eliminates pressure points."
458;24;Clothing;;;Women's Tights, L;30,9334;TRUE;Black;4;74,99;L;L;;0;S ;44,994;;W ;Women's Tights;"Warm spandex tights for winter riding; seamless chamois construction eliminates pressure points."
459;18;Clothing;;;Men's Bib-Shorts, S;37,1209;TRUE;Multi;4;89,99;S;S;;0;S ;53,994;;M ;Men's Bib-Shorts;Designed for the AWC team with stay-put straps, moisture-control, chamois padding, and leg grippers.
460;18;Clothing;;;Men's Bib-Shorts, M;37,1209;TRUE;Multi;4;89,99;M;M;;0;S ;53,994;;M ;Men's Bib-Shorts;Designed for the AWC team with stay-put straps, moisture-control, chamois padding, and leg grippers.
461;18;Clothing;;;Men's Bib-Shorts, L;37,1209;TRUE;Multi;4;89,99;L;L;;0;S ;53,994;;M ;Men's Bib-Shorts;Designed for the AWC team with stay-put straps, moisture-control, chamois padding, and leg grippers.
462;20;Clothing;;;Half-Finger Gloves, S;9,7136;TRUE;Black;4;23,5481;S;S;;0;S ;14,1289;;U ;Half-Finger Gloves;Full padding, improved finger flex, durable palm, adjustable closure.
463;20;Clothing;;;Half-Finger Gloves, S;9,1593;TRUE;Black;4;24,49;S;S;;0;S ;14,694;;U ;Half-Finger Gloves;Full padding, improved finger flex, durable palm, adjustable closure.
464;20;Clothing;;;Half-Finger Gloves, M;9,7136;TRUE;Black;4;23,5481;M;M;;0;S ;14,1289;;U ;Half-Finger Gloves;Full padding, improved finger flex, durable palm, adjustable closure.
465;20;Clothing;;;Half-Finger Gloves, M;9,1593;TRUE;Black;4;24,49;M;M;;0;S ;14,694;;U ;Half-Finger Gloves;Full padding, improved finger flex, durable palm, adjustable closure.
466;20;Clothing;;;Half-Finger Gloves, L;9,7136;TRUE;Black;4;23,5481;L;L;;0;S ;14,1289;;U ;Half-Finger Gloves;Full padding, improved finger flex, durable palm, adjustable closure.
467;20;Clothing;;;Half-Finger Gloves, L;9,1593;TRUE;Black;4;24,49;L;L;;0;S ;14,694;;U ;Half-Finger Gloves;Full padding, improved finger flex, durable palm, adjustable closure.
468;20;Clothing;;;Full-Finger Gloves, S;15,6709;TRUE;Black;4;37,99;S;S;;0;M ;22,794;;U ;Full-Finger Gloves;Synthetic palm, flexible knuckles, breathable mesh upper. Worn by the AWC team riders.
469;20;Clothing;;;Full-Finger Gloves, M;15,6709;TRUE;Black;4;37,99;M;M;;0;M ;22,794;;U ;Full-Finger Gloves;Synthetic palm, flexible knuckles, breathable mesh upper. Worn by the AWC team riders.
470;20;Clothing;;;Full-Finger Gloves, L;15,6709;TRUE;Black;4;37,99;L;L;;0;M ;22,794;;U ;Full-Finger Gloves;Synthetic palm, flexible knuckles, breathable mesh upper. Worn by the AWC team riders.
471;25;Clothing;;;Classic Vest, S;23,749;TRUE;Blue;4;63,5;S;S;;0;S ;38,1;;U ;Classic Vest;Light-weight, wind-resistant, packs to fit into a pocket.
472;25;Clothing;;;Classic Vest, M;23,749;TRUE;Blue;4;63,5;M;M;;0;S ;38,1;;U ;Classic Vest;Light-weight, wind-resistant, packs to fit into a pocket.
473;25;Clothing;;;Classic Vest, L;23,749;TRUE;Blue;4;63,5;L;L;;0;S ;38,1;;U ;Classic Vest;Light-weight, wind-resistant, packs to fit into a pocket.
474;22;Clothing;;;Women's Mountain Shorts, S;26,1763;TRUE;Black;4;69,99;S;S;;0;M ;41,994;;W ;Women's Mountain Shorts;Heavy duty, abrasion-resistant shorts feature seamless, lycra inner shorts with anti-bacterial chamois for comfort.
475;22;Clothing;;;Women's Mountain Shorts, M;26,1763;TRUE;Black;4;69,99;M;M;;0;M ;41,994;;W ;Women's Mountain Shorts;Heavy duty, abrasion-resistant shorts feature seamless, lycra inner shorts with anti-bacterial chamois for comfort.
476;22;Clothing;;;Women's Mountain Shorts, L;26,1763;TRUE;Black;4;69,99;L;L;;0;M ;41,994;;W ;Women's Mountain Shorts;Heavy duty, abrasion-resistant shorts feature seamless, lycra inner shorts with anti-bacterial chamois for comfort.
477;28;Accessories;;;Water Bottle - 30 oz.;1,8663;TRUE;NA;4;4,99;;NA;;0;S ;2,994;;;Water Bottle;"AWC logo water bottle - holds 30 oz; leak-proof."
478;28;Accessories;;;Mountain Bottle Cage;3,7363;TRUE;NA;4;9,99;;NA;;0;M ;5,994;;;Mountain Bottle Cage;Tough aluminum cage holds bottle securly on tough terrain.
479;28;Accessories;;;Road Bottle Cage;3,3623;TRUE;NA;4;8,99;;NA;;0;R ;5,394;;;Road Bottle Cage;"Aluminum cage is lighter than our mountain version; perfect for long distance trips."
480;37;Accessories;;;Patch Kit/8 Patches;0,8565;TRUE;NA;4;2,29;;NA;;0;S ;1,374;;;Patch kit;Includes 8 different size patches, glue and sandpaper.
481;23;Clothing;;;Racing Socks, M;3,3623;TRUE;White;4;8,99;M;M;;0;R ;5,394;;U ;Racing Socks;Thin, lightweight and durable with cuffs that stay up.
482;23;Clothing;;;Racing Socks, L;3,3623;TRUE;White;4;8,99;L;L;;0;R ;5,394;;U ;Racing Socks;Thin, lightweight and durable with cuffs that stay up.
483;26;Accessories;;;Hitch Rack - 4-Bike;44,88;TRUE;NA;4;120;;NA;;0;S ;72;;;Hitch Rack - 4-Bike;"Carries 4 bikes securely; steel construction, fits 2 receiver hitch."""
484;29;Accessories;;;Bike Wash - Dissolver;2,9733;TRUE;NA;4;7,95;;NA;;0;S ;4,77;;;Bike Wash;"Washes off the toughest road grime; dissolves grease, environmentally safe. 1-liter bottle."
485;30;Accessories;;;Fender Set - Mountain;8,2205;TRUE;NA;4;21,98;;NA;;0;M ;13,188;;;Fender Set - Mountain;Clip-on fenders fit most mountain bikes.
486;27;Accessories;;;All-Purpose Bike Stand;59,466;TRUE;NA;4;159;;NA;;0;M ;95,4;;;All-Purpose Bike Stand;Perfect all-purpose bike stand for working on your bike at home. Quick-adjusting clamps and steel construction.
487;32;Accessories;;;Hydration Pack - 70 oz.;20,5663;TRUE;Silver;4;54,99;70;70;;0;S ;32,994;;;Hydration Pack;Versatile 70 oz hydration pack offers extra storage, easy-fill access, and a waist belt.
488;21;Clothing;;;Short-Sleeve Classic Jersey, S;41,5723;TRUE;Yellow;4;53,99;S;S;;0;S ;32,394;;U ;Short-Sleeve Classic Jersey;Short sleeve classic breathable jersey with superior moisture control, front zipper, and 3 back pockets.
489;21;Clothing;;;Short-Sleeve Classic Jersey, M;41,5723;TRUE;Yellow;4;53,99;M;M;;0;S ;32,394;;U ;Short-Sleeve Classic Jersey;Short sleeve classic breathable jersey with superior moisture control, front zipper, and 3 back pockets.
490;21;Clothing;;;Short-Sleeve Classic Jersey, L;41,5723;TRUE;Yellow;4;53,99;L;L;;0;S ;32,394;;U ;Short-Sleeve Classic Jersey;Short sleeve classic breathable jersey with superior moisture control, front zipper, and 3 back pockets.
491;21;Clothing;;;Short-Sleeve Classic Jersey, XL;41,5723;TRUE;Yellow;4;53,99;XL;XL;;0;S ;32,394;;U ;Short-Sleeve Classic Jersey;Short sleeve classic breathable jersey with superior moisture control, front zipper, and 3 back pockets.
492;16;Components;LB ;CM ;HL Touring Frame - Yellow, 60;601,7437;TRUE;Yellow;500;1003,91;60;60-62 CM;3,08;1;T ;602,346;H ;U ;HL Touring Frame;"The HL aluminum frame is custom-shaped for both good looks and strength; it will withstand the most rigorous challenges of daily riding. Men's version."
493;16;Components;LB ;CM ;LL Touring Frame - Yellow, 62;199,8519;TRUE;Yellow;500;333,42;62;60-62 CM;3,2;1;T ;200,052;L ;U ;LL Touring Frame;Lightweight butted aluminum frame provides a more upright riding position for a trip around town.  Our ground-breaking design provides optimum comfort.
494;16;Components;LB ;CM ;HL Touring Frame - Yellow, 46;601,7437;TRUE;Yellow;500;1003,91;46;42-46 CM;2,96;1;T ;602,346;H ;U ;HL Touring Frame;"The HL aluminum frame is custom-shaped for both good looks and strength; it will withstand the most rigorous challenges of daily riding. Men's version."
495;16;Components;LB ;CM ;HL Touring Frame - Yellow, 50;601,7437;TRUE;Yellow;500;1003,91;50;48-52 CM;3;1;T ;602,346;H ;U ;HL Touring Frame;"The HL aluminum frame is custom-shaped for both good looks and strength; it will withstand the most rigorous challenges of daily riding. Men's version."
496;16;Components;LB ;CM ;HL Touring Frame - Yellow, 54;601,7437;TRUE;Yellow;500;1003,91;54;54-58 CM;3,04;1;T ;602,346;H ;U ;HL Touring Frame;"The HL aluminum frame is custom-shaped for both good looks and strength; it will withstand the most rigorous challenges of daily riding. Men's version."
497;16;Components;LB ;CM ;HL Touring Frame - Blue, 46;601,7437;TRUE;Blue;500;1003,91;46;42-46 CM;2,96;1;T ;602,346;H ;U ;HL Touring Frame;"The HL aluminum frame is custom-shaped for both good looks and strength; it will withstand the most rigorous challenges of daily riding. Men's version."
498;16;Components;LB ;CM ;HL Touring Frame - Blue, 50;601,7437;TRUE;Blue;500;1003,91;50;48-52 CM;3;1;T ;602,346;H ;U ;HL Touring Frame;"The HL aluminum frame is custom-shaped for both good looks and strength; it will withstand the most rigorous challenges of daily riding. Men's version."
499;16;Components;LB ;CM ;HL Touring Frame - Blue, 54;601,7437;TRUE;Blue;500;1003,91;54;54-58 CM;3,04;1;T ;602,346;H ;U ;HL Touring Frame;"The HL aluminum frame is custom-shaped for both good looks and strength; it will withstand the most rigorous challenges of daily riding. Men's version."
500;16;Components;LB ;CM ;HL Touring Frame - Blue, 60;601,7437;TRUE;Blue;500;1003,91;60;60-62 CM;3,08;1;T ;602,346;H ;U ;HL Touring Frame;"The HL aluminum frame is custom-shaped for both good looks and strength; it will withstand the most rigorous challenges of daily riding. Men's version."
501;9;Components;G  ;;Rear Derailleur;53,9282;TRUE;Silver;500;121,46;;NA;215;1;;72,876;;;Rear Derailleur;Wide-link design.
502;16;Components;LB ;CM ;LL Touring Frame - Blue, 50;199,8519;TRUE;Blue;500;333,42;50;48-52 CM;3,1;1;T ;200,052;L ;U ;LL Touring Frame;Lightweight butted aluminum frame provides a more upright riding position for a trip around town.  Our ground-breaking design provides optimum comfort.
503;16;Components;LB ;CM ;LL Touring Frame - Blue, 54;199,8519;TRUE;Blue;500;333,42;54;54-58 CM;3,14;1;T ;200,052;L ;U ;LL Touring Frame;Lightweight butted aluminum frame provides a more upright riding position for a trip around town.  Our ground-breaking design provides optimum comfort.
504;16;Components;LB ;CM ;LL Touring Frame - Blue, 58;199,8519;TRUE;Blue;500;333,42;58;54-58 CM;3,16;1;T ;200,052;L ;U ;LL Touring Frame;Lightweight butted aluminum frame provides a more upright riding position for a trip around town.  Our ground-breaking design provides optimum comfort.
505;16;Components;LB ;CM ;LL Touring Frame - Blue, 62;199,8519;TRUE;Blue;500;333,42;62;60-62 CM;3,2;1;T ;200,052;L ;U ;LL Touring Frame;Lightweight butted aluminum frame provides a more upright riding position for a trip around town.  Our ground-breaking design provides optimum comfort.
506;16;Components;LB ;CM ;LL Touring Frame - Yellow, 44;199,8519;TRUE;Yellow;500;333,42;44;42-46 CM;3,02;1;T ;200,052;L ;U ;LL Touring Frame;Lightweight butted aluminum frame provides a more upright riding position for a trip around town.  Our ground-breaking design provides optimum comfort.
507;16;Components;LB ;CM ;LL Touring Frame - Yellow, 50;199,8519;TRUE;Yellow;500;333,42;50;48-52 CM;3,1;1;T ;200,052;L ;U ;LL Touring Frame;Lightweight butted aluminum frame provides a more upright riding position for a trip around town.  Our ground-breaking design provides optimum comfort.
508;16;Components;LB ;CM ;LL Touring Frame - Yellow, 54;199,8519;TRUE;Yellow;500;333,42;54;54-58 CM;3,14;1;T ;200,052;L ;U ;LL Touring Frame;Lightweight butted aluminum frame provides a more upright riding position for a trip around town.  Our ground-breaking design provides optimum comfort.
509;16;Components;LB ;CM ;LL Touring Frame - Yellow, 58;199,8519;TRUE;Yellow;500;333,42;58;54-58 CM;3,16;1;T ;200,052;L ;U ;LL Touring Frame;Lightweight butted aluminum frame provides a more upright riding position for a trip around town.  Our ground-breaking design provides optimum comfort.
510;16;Components;LB ;CM ;LL Touring Frame - Blue, 44;199,8519;TRUE;Blue;500;333,42;44;42-46 CM;3,02;1;T ;200,052;L ;U ;LL Touring Frame;Lightweight butted aluminum frame provides a more upright riding position for a trip around town.  Our ground-breaking design provides optimum comfort.
511;12;Components;LB ;CM ;ML Mountain Frame-W - Silver, 40;199,3757;TRUE;Silver;500;364,09;40;38-40 CM;2,77;1;M ;218,454;M ;W ;ML Mountain Frame-W;The ML frame is a heat-treated aluminum frame made with the same detail and quality as our HL frame. It offers superior performance. Men's version.
512;12;Components;LB ;CM ;ML Mountain Frame-W - Silver, 42;199,3757;TRUE;Silver;500;364,09;42;42-46 CM;2,81;1;M ;218,454;M ;W ;ML Mountain Frame-W;The ML frame is a heat-treated aluminum frame made with the same detail and quality as our HL frame. It offers superior performance. Men's version.
513;12;Components;LB ;CM ;ML Mountain Frame-W - Silver, 46;199,3757;TRUE;Silver;500;364,09;46;42-46 CM;2,85;1;M ;218,454;M ;W ;ML Mountain Frame-W;The ML frame is a heat-treated aluminum frame made with the same detail and quality as our HL frame. It offers superior performance. Men's version.
514;6;Components;G  ;;Rear Brakes;47,286;TRUE;Silver;500;106,5;;NA;317;1;;63,9;;;Rear Brakes;
515;15;Components;;;LL Mountain Seat/Saddle;12,0413;TRUE;NA;500;27,12;;NA;;1;M ;16,272;L ;;LL Mountain Seat/Saddle 2;Synthetic leather. Features gel for increased comfort.
516;15;Components;;;ML Mountain Seat/Saddle;17,3782;TRUE;NA;500;39,14;;NA;;1;M ;23,484;M ;;ML Mountain Seat/Saddle 2;Designed to absorb shock.
517;15;Components;;;HL Mountain Seat/Saddle;23,3722;TRUE;NA;500;52,64;;NA;;1;M ;31,584;H ;;HL Mountain Seat/Saddle 2;Anatomic design for a full-day of riding in comfort. Durable leather.
518;15;Components;;;LL Road Seat/Saddle;12,0413;TRUE;NA;500;27,12;;NA;;1;R ;16,272;L ;;LL Road Seat/Saddle 1;Lightweight foam-padded saddle.
519;15;Components;;;ML Road Seat/Saddle;17,3782;TRUE;NA;500;39,14;;NA;;1;T ;23,484;M ;;ML Road Seat/Saddle 2;Rubber bumpers absorb bumps.
520;15;Components;;;HL Road Seat/Saddle;23,3722;TRUE;NA;500;52,64;;NA;;1;R ;31,584;H ;;HL Road Seat/Saddle 2;Lightweight kevlar racing saddle. Leather.
521;15;Components;;;LL Touring Seat/Saddle;12,0413;TRUE;NA;500;27,12;;NA;;1;T ;16,272;L ;;LL Touring Seat/Saddle;Comfortable, ergonomically shaped gel saddle.
522;15;Components;;;ML Touring Seat/Saddle;17,3782;TRUE;NA;500;39,14;;NA;;1;T ;23,484;M ;;ML Touring Seat/Saddle;New design relieves pressure for long rides.
523;15;Components;;;HL Touring Seat/Saddle;23,3722;TRUE;NA;500;52,64;;NA;;1;T ;31,584;H ;;HL Touring Seat/Saddle;Cut-out shell for a more comfortable ride.
524;12;Components;LB ;CM ;LL Mountain Frame - Silver, 42;144,5938;TRUE;Silver;500;264,05;42;42-46 CM;2,92;1;M ;158,43;L ;U ;LL Mountain Frame;Our best value utilizing the same, ground-breaking frame technology as the ML aluminum frame.
525;12;Components;LB ;CM ;LL Mountain Frame - Silver, 44;144,5938;TRUE;Silver;500;264,05;44;42-46 CM;2,96;1;M ;158,43;L ;U ;LL Mountain Frame;Our best value utilizing the same, ground-breaking frame technology as the ML aluminum frame.
526;12;Components;LB ;CM ;LL Mountain Frame - Silver, 48;144,5938;TRUE;Silver;500;264,05;48;48-52 CM;3;1;M ;158,43;L ;U ;LL Mountain Frame;Our best value utilizing the same, ground-breaking frame technology as the ML aluminum frame.
527;12;Components;LB ;CM ;LL Mountain Frame - Silver, 52;144,5938;TRUE;Silver;500;264,05;52;48-52 CM;3,04;1;M ;158,43;L ;U ;LL Mountain Frame;Our best value utilizing the same, ground-breaking frame technology as the ML aluminum frame.
528;37;Accessories;;;Mountain Tire Tube;1,8663;TRUE;NA;500;4,99;;NA;;0;M ;2,994;;;Mountain Tire Tube;Self-sealing tube.
529;37;Accessories;;;Road Tire Tube;1,4923;TRUE;NA;500;3,99;;NA;;0;R ;2,394;;;Road Tire Tube;Conventional all-purpose tube.
530;37;Accessories;;;Touring Tire Tube;1,8663;TRUE;NA;500;4,99;;NA;;0;T ;2,994;;;Touring Tire Tube;General purpose tube.
531;12;Components;LB ;CM ;LL Mountain Frame - Black, 42;136,785;TRUE;Black;500;249,79;42;42-46 CM;2,92;1;M ;149,874;L ;U ;LL Mountain Frame;Our best value utilizing the same, ground-breaking frame technology as the ML aluminum frame.
532;12;Components;LB ;CM ;LL Mountain Frame - Black, 44;136,785;TRUE;Black;500;249,79;44;42-46 CM;2,96;1;M ;149,874;L ;U ;LL Mountain Frame;Our best value utilizing the same, ground-breaking frame technology as the ML aluminum frame.
533;12;Components;LB ;CM ;LL Mountain Frame - Black, 48;136,785;TRUE;Black;500;249,79;48;48-52 CM;3;1;M ;149,874;L ;U ;LL Mountain Frame;Our best value utilizing the same, ground-breaking frame technology as the ML aluminum frame.
534;12;Components;LB ;CM ;LL Mountain Frame - Black, 52;136,785;TRUE;Black;500;249,79;52;48-52 CM;3,04;1;M ;149,874;L ;U ;LL Mountain Frame;Our best value utilizing the same, ground-breaking frame technology as the ML aluminum frame.
535;37;Accessories;;;LL Mountain Tire;9,3463;TRUE;NA;500;24,99;;NA;;0;M ;14,994;L ;;LL Mountain Tire;Comparible traction, less expensive wire bead casing.
536;37;Accessories;;;ML Mountain Tire;11,2163;TRUE;NA;500;29,99;;NA;;0;M ;17,994;M ;;ML Mountain Tire;Great traction, high-density rubber.
537;37;Accessories;;;HL Mountain Tire;13,09;TRUE;NA;500;35;;NA;;0;M ;21;H ;;HL Mountain Tire;Incredible traction, lightweight carbon reinforced.
538;37;Accessories;;;LL Road Tire;8,0373;TRUE;NA;500;21,49;;NA;;0;R ;12,894;L ;;LL Road Tire;Same great treads as more expensive tire with a less expensive wire bead casing.
539;37;Accessories;;;ML Road Tire;9,3463;TRUE;NA;500;24,99;;NA;;0;R ;14,994;M ;;ML Road Tire;Higher density rubber.
540;37;Accessories;;;HL Road Tire;12,1924;TRUE;NA;500;32,6;;NA;;0;R ;19,56;H ;;HL Road Tire;Lightweight carbon reinforced  for an unrivaled ride at an un-compromised weight.
541;37;Accessories;;;Touring Tire;10,8423;TRUE;NA;500;28,99;;NA;;0;T ;17,394;;;Touring Tire;High-density rubber.
542;13;Components;G  ;;LL Mountain Pedal;17,9776;TRUE;Silver/Black;500;40,49;;NA;218;1;M ;24,294;L ;;LL Mountain Pedal;"Expanded platform so you can ride in any shoes; great for all-around riding."
543;13;Components;G  ;;ML Mountain Pedal;27,568;TRUE;Silver/Black;500;62,09;;NA;215;1;M ;37,254;M ;;ML Mountain Pedal;Lightweight, durable, clipless pedal with adjustable tension.
544;13;Components;G  ;;HL Mountain Pedal;35,9596;TRUE;Silver/Black;500;80,99;;NA;185;1;M ;48,594;H ;;HL Mountain Pedal;"Stainless steel; designed to shed mud easily."
545;13;Components;G  ;;LL Road Pedal;17,9776;TRUE;Silver/Black;500;40,49;;NA;189;1;R ;24,294;L ;;LL Road Pedal;Clipless pedals - aluminum.
546;13;Components;G  ;;ML Road Pedal;27,568;TRUE;Silver/Black;500;62,09;;NA;168;1;R ;37,254;M ;;ML Road Pedal;Lightweight aluminum alloy construction.
547;13;Components;G  ;;HL Road Pedal;35,9596;TRUE;Silver/Black;500;80,99;;NA;149;1;R ;48,594;H ;;HL Road Pedal;Top-of-the-line clipless pedals with adjustable tension.
548;13;Components;;;Touring Pedal;35,9596;TRUE;Silver/Black;500;80,99;;NA;;1;T ;48,594;;;Touring Pedal;A stable pedal for all-day riding.
549;12;Components;LB ;CM ;ML Mountain Frame-W - Silver, 38;199,3757;TRUE;Silver;500;364,09;38;38-40 CM;2,73;2;M ;218,454;M ;W ;ML Mountain Frame-W;The ML frame is a heat-treated aluminum frame made with the same detail and quality as our HL frame. It offers superior performance. Men's version.
550;12;Components;LB ;CM ;LL Mountain Frame - Black, 40;136,785;TRUE;Black;500;249,79;40;38-40 CM;2,88;2;M ;149,874;L ;U ;LL Mountain Frame;Our best value utilizing the same, ground-breaking frame technology as the ML aluminum frame.
551;12;Components;LB ;CM ;LL Mountain Frame - Silver, 40;144,5938;TRUE;Silver;500;264,05;40;38-40 CM;2,88;2;M ;158,43;L ;U ;LL Mountain Frame;Our best value utilizing the same, ground-breaking frame technology as the ML aluminum frame.
552;9;Components;G  ;;Front Derailleur;40,6216;TRUE;Silver;500;91,49;;NA;88;1;;54,894;;;Front Derailleur;Wide-link design.
553;4;Components;;;LL Touring Handlebars;20,464;TRUE;NA;500;46,09;;NA;;1;T ;27,654;L ;;LL Touring Handlebars;Unique shape reduces fatigue for entry level riders.
554;4;Components;;;HL Touring Handlebars;40,6571;TRUE;NA;500;91,57;;NA;;1;T ;54,942;H ;;HL Touring Handlebars;A light yet stiff aluminum bar for long distance riding.
555;6;Components;G  ;;Front Brakes;47,286;TRUE;Silver;500;106,5;;NA;317;1;;63,9;;;Front Brakes;"All-weather brake pads; provides superior stopping by applying more surface to the rim."
556;8;Components;G  ;;LL Crankset;77,9176;TRUE;Black;500;175,49;;NA;600;1;;105,294;L ;;LL Crankset;Super rigid spindle.
557;8;Components;G  ;;ML Crankset;113,8816;TRUE;Black;500;256,49;;NA;635;1;;153,894;M ;;ML Crankset;High-strength crank arm.
558;8;Components;G  ;;HL Crankset;179,8156;TRUE;Black;500;404,99;;NA;575;1;;242,994;H ;;HL Crankset;"Triple crankset; alumunim crank arm; flawless shifting."
559;7;Components;;;Chain;8,9866;TRUE;Silver;500;20,24;;NA;;1;;12,144;;;Chain;Superior shifting performance.
560;3;Bikes;LB ;CM ;Touring-2000 Blue, 60;755,1508;TRUE;Blue;100;1214,85;60;60-62 CM;27,9;4;T ;728,91;M ;U ;Touring-2000;The plush custom saddle keeps you riding all day,  and there's plenty of space to add panniers and bike bags to the newly-redesigned carrier.  This bike has stability when fully-loaded.
561;3;Bikes;LB ;CM ;Touring-1000 Yellow, 46;1481,9379;TRUE;Yellow;100;2384,07;46;42-46 CM;25,13;4;T ;1430,442;H ;U ;Touring-1000;Travel in style and comfort. Designed for maximum comfort and safety. Wide gear range takes on all hills. High-tech aluminum alloy construction provides durability without added weight.
562;3;Bikes;LB ;CM ;Touring-1000 Yellow, 50;1481,9379;TRUE;Yellow;100;2384,07;50;48-52 CM;25,42;4;T ;1430,442;H ;U ;Touring-1000;Travel in style and comfort. Designed for maximum comfort and safety. Wide gear range takes on all hills. High-tech aluminum alloy construction provides durability without added weight.
563;3;Bikes;LB ;CM ;Touring-1000 Yellow, 54;1481,9379;TRUE;Yellow;100;2384,07;54;54-58 CM;25,68;4;T ;1430,442;H ;U ;Touring-1000;Travel in style and comfort. Designed for maximum comfort and safety. Wide gear range takes on all hills. High-tech aluminum alloy construction provides durability without added weight.
564;3;Bikes;LB ;CM ;Touring-1000 Yellow, 60;1481,9379;TRUE;Yellow;100;2384,07;60;60-62 CM;25,9;4;T ;1430,442;H ;U ;Touring-1000;Travel in style and comfort. Designed for maximum comfort and safety. Wide gear range takes on all hills. High-tech aluminum alloy construction provides durability without added weight.
565;3;Bikes;LB ;CM ;Touring-3000 Blue, 54;461,4448;TRUE;Blue;100;742,35;54;54-58 CM;29,68;4;T ;445,41;L ;U ;Touring-3000;All-occasion value bike with our basic comfort and safety features. Offers wider, more stable tires for a ride around town or weekend trip.
566;3;Bikes;LB ;CM ;Touring-3000 Blue, 58;461,4448;TRUE;Blue;100;742,35;58;54-58 CM;29,9;4;T ;445,41;L ;U ;Touring-3000;All-occasion value bike with our basic comfort and safety features. Offers wider, more stable tires for a ride around town or weekend trip.
567;3;Bikes;LB ;CM ;Touring-3000 Blue, 62;461,4448;TRUE;Blue;100;742,35;62;60-62 CM;30;4;T ;445,41;L ;U ;Touring-3000;All-occasion value bike with our basic comfort and safety features. Offers wider, more stable tires for a ride around town or weekend trip.
568;3;Bikes;LB ;CM ;Touring-3000 Yellow, 44;461,4448;TRUE;Yellow;100;742,35;44;42-46 CM;28,77;4;T ;445,41;L ;U ;Touring-3000;All-occasion value bike with our basic comfort and safety features. Offers wider, more stable tires for a ride around town or weekend trip.
569;3;Bikes;LB ;CM ;Touring-3000 Yellow, 50;461,4448;TRUE;Yellow;100;742,35;50;48-52 CM;29,13;4;T ;445,41;L ;U ;Touring-3000;All-occasion value bike with our basic comfort and safety features. Offers wider, more stable tires for a ride around town or weekend trip.
570;3;Bikes;LB ;CM ;Touring-3000 Yellow, 54;461,4448;TRUE;Yellow;100;742,35;54;54-58 CM;29,42;4;T ;445,41;L ;U ;Touring-3000;All-occasion value bike with our basic comfort and safety features. Offers wider, more stable tires for a ride around town or weekend trip.
571;3;Bikes;LB ;CM ;Touring-3000 Yellow, 58;461,4448;TRUE;Yellow;100;742,35;58;54-58 CM;29,79;4;T ;445,41;L ;U ;Touring-3000;All-occasion value bike with our basic comfort and safety features. Offers wider, more stable tires for a ride around town or weekend trip.
572;3;Bikes;LB ;CM ;Touring-3000 Yellow, 62;461,4448;TRUE;Yellow;100;742,35;62;60-62 CM;30;4;T ;445,41;L ;U ;Touring-3000;All-occasion value bike with our basic comfort and safety features. Offers wider, more stable tires for a ride around town or weekend trip.
573;3;Bikes;LB ;CM ;Touring-1000 Blue, 46;1481,9379;TRUE;Blue;100;2384,07;46;42-46 CM;25,13;4;T ;1430,442;H ;U ;Touring-1000;Travel in style and comfort. Designed for maximum comfort and safety. Wide gear range takes on all hills. High-tech aluminum alloy construction provides durability without added weight.
574;3;Bikes;LB ;CM ;Touring-1000 Blue, 50;1481,9379;TRUE;Blue;100;2384,07;50;48-52 CM;25,42;4;T ;1430,442;H ;U ;Touring-1000;Travel in style and comfort. Designed for maximum comfort and safety. Wide gear range takes on all hills. High-tech aluminum alloy construction provides durability without added weight.
575;3;Bikes;LB ;CM ;Touring-1000 Blue, 54;1481,9379;TRUE;Blue;100;2384,07;54;54-58 CM;25,68;4;T ;1430,442;H ;U ;Touring-1000;Travel in style and comfort. Designed for maximum comfort and safety. Wide gear range takes on all hills. High-tech aluminum alloy construction provides durability without added weight.
576;3;Bikes;LB ;CM ;Touring-1000 Blue, 60;1481,9379;TRUE;Blue;100;2384,07;60;60-62 CM;25,9;4;T ;1430,442;H ;U ;Touring-1000;Travel in style and comfort. Designed for maximum comfort and safety. Wide gear range takes on all hills. High-tech aluminum alloy construction provides durability without added weight.
577;3;Bikes;LB ;CM ;Touring-2000 Blue, 46;755,1508;TRUE;Blue;100;1214,85;46;42-46 CM;27,13;4;T ;728,91;M ;U ;Touring-2000;The plush custom saddle keeps you riding all day,  and there's plenty of space to add panniers and bike bags to the newly-redesigned carrier.  This bike has stability when fully-loaded.
578;3;Bikes;LB ;CM ;Touring-2000 Blue, 50;755,1508;TRUE;Blue;100;1214,85;50;48-52 CM;27,42;4;T ;728,91;M ;U ;Touring-2000;The plush custom saddle keeps you riding all day,  and there's plenty of space to add panniers and bike bags to the newly-redesigned carrier.  This bike has stability when fully-loaded.
579;3;Bikes;LB ;CM ;Touring-2000 Blue, 54;755,1508;TRUE;Blue;100;1214,85;54;54-58 CM;27,68;4;T ;728,91;M ;U ;Touring-2000;The plush custom saddle keeps you riding all day,  and there's plenty of space to add panniers and bike bags to the newly-redesigned carrier.  This bike has stability when fully-loaded.
580;2;Bikes;LB ;CM ;Road-350-W Yellow, 40;1082,51;TRUE;Yellow;100;1700,99;40;38-40 CM;15,35;4;R ;1020,594;M ;W ;Road-350-W;Cross-train, race, or just socialize on a sleek, aerodynamic bike designed for a woman.  Advanced seat technology provides comfort all day.
581;2;Bikes;LB ;CM ;Road-350-W Yellow, 42;1082,51;TRUE;Yellow;100;1700,99;42;42-46 CM;15,77;4;R ;1020,594;M ;W ;Road-350-W;Cross-train, race, or just socialize on a sleek, aerodynamic bike designed for a woman.  Advanced seat technology provides comfort all day.
582;2;Bikes;LB ;CM ;Road-350-W Yellow, 44;1082,51;TRUE;Yellow;100;1700,99;44;42-46 CM;16,13;4;R ;1020,594;M ;W ;Road-350-W;Cross-train, race, or just socialize on a sleek, aerodynamic bike designed for a woman.  Advanced seat technology provides comfort all day.
583;2;Bikes;LB ;CM ;Road-350-W Yellow, 48;1082,51;TRUE;Yellow;100;1700,99;48;48-52 CM;16,42;4;R ;1020,594;M ;W ;Road-350-W;Cross-train, race, or just socialize on a sleek, aerodynamic bike designed for a woman.  Advanced seat technology provides comfort all day.
584;2;Bikes;LB ;CM ;Road-750 Black, 58;343,6496;TRUE;Black;100;539,99;58;54-58 CM;20,79;4;R ;323,994;L ;U ;Road-750;"Entry level adult bike; offers a comfortable ride cross-country or down the block. Quick-release hubs and rims."
585;3;Bikes;LB ;CM ;Touring-3000 Blue, 44;461,4448;TRUE;Blue;100;742,35;44;42-46 CM;28,77;4;T ;445,41;L ;U ;Touring-3000;All-occasion value bike with our basic comfort and safety features. Offers wider, more stable tires for a ride around town or weekend trip.
586;3;Bikes;LB ;CM ;Touring-3000 Blue, 50;461,4448;TRUE;Blue;100;742,35;50;48-52 CM;29,13;4;T ;445,41;L ;U ;Touring-3000;All-occasion value bike with our basic comfort and safety features. Offers wider, more stable tires for a ride around town or weekend trip.
587;1;Bikes;LB ;CM ;Mountain-400-W Silver, 38;419,7784;TRUE;Silver;100;769,49;38;38-40 CM;26,35;4;M ;461,694;M ;W ;Mountain-400-W;This bike delivers a high-level of performance on a budget. It is responsive and maneuverable, and offers peace-of-mind when you decide to go off-road.
588;1;Bikes;LB ;CM ;Mountain-400-W Silver, 40;419,7784;TRUE;Silver;100;769,49;40;38-40 CM;26,77;4;M ;461,694;M ;W ;Mountain-400-W;This bike delivers a high-level of performance on a budget. It is responsive and maneuverable, and offers peace-of-mind when you decide to go off-road.
589;1;Bikes;LB ;CM ;Mountain-400-W Silver, 42;419,7784;TRUE;Silver;100;769,49;42;42-46 CM;27,13;4;M ;461,694;M ;W ;Mountain-400-W;This bike delivers a high-level of performance on a budget. It is responsive and maneuverable, and offers peace-of-mind when you decide to go off-road.
590;1;Bikes;LB ;CM ;Mountain-400-W Silver, 46;419,7784;TRUE;Silver;100;769,49;46;42-46 CM;27,42;4;M ;461,694;M ;W ;Mountain-400-W;This bike delivers a high-level of performance on a budget. It is responsive and maneuverable, and offers peace-of-mind when you decide to go off-road.
591;1;Bikes;LB ;CM ;Mountain-500 Silver, 40;308,2179;TRUE;Silver;100;564,99;40;38-40 CM;27,35;4;M ;338,994;L ;U ;Mountain-500;Suitable for any type of riding, on or off-road. Fits any budget. Smooth-shifting with a comfortable ride.
592;1;Bikes;LB ;CM ;Mountain-500 Silver, 42;308,2179;TRUE;Silver;100;564,99;42;42-46 CM;27,77;4;M ;338,994;L ;U ;Mountain-500;Suitable for any type of riding, on or off-road. Fits any budget. Smooth-shifting with a comfortable ride.
593;1;Bikes;LB ;CM ;Mountain-500 Silver, 44;308,2179;TRUE;Silver;100;564,99;44;42-46 CM;28,13;4;M ;338,994;L ;U ;Mountain-500;Suitable for any type of riding, on or off-road. Fits any budget. Smooth-shifting with a comfortable ride.
594;1;Bikes;LB ;CM ;Mountain-500 Silver, 48;308,2179;TRUE;Silver;100;564,99;48;48-52 CM;28,42;4;M ;338,994;L ;U ;Mountain-500;Suitable for any type of riding, on or off-road. Fits any budget. Smooth-shifting with a comfortable ride.
595;1;Bikes;LB ;CM ;Mountain-500 Silver, 52;308,2179;TRUE;Silver;100;564,99;52;48-52 CM;28,68;4;M ;338,994;L ;U ;Mountain-500;Suitable for any type of riding, on or off-road. Fits any budget. Smooth-shifting with a comfortable ride.
596;1;Bikes;LB ;CM ;Mountain-500 Black, 40;294,5797;TRUE;Black;100;539,99;40;38-40 CM;27,35;4;M ;323,994;L ;U ;Mountain-500;Suitable for any type of riding, on or off-road. Fits any budget. Smooth-shifting with a comfortable ride.
597;1;Bikes;LB ;CM ;Mountain-500 Black, 42;294,5797;TRUE;Black;100;539,99;42;42-46 CM;27,77;4;M ;323,994;L ;U ;Mountain-500;Suitable for any type of riding, on or off-road. Fits any budget. Smooth-shifting with a comfortable ride.
598;1;Bikes;LB ;CM ;Mountain-500 Black, 44;294,5797;TRUE;Black;100;539,99;44;42-46 CM;28,13;4;M ;323,994;L ;U ;Mountain-500;Suitable for any type of riding, on or off-road. Fits any budget. Smooth-shifting with a comfortable ride.
599;1;Bikes;LB ;CM ;Mountain-500 Black, 48;294,5797;TRUE;Black;100;539,99;48;48-52 CM;28,42;4;M ;323,994;L ;U ;Mountain-500;Suitable for any type of riding, on or off-road. Fits any budget. Smooth-shifting with a comfortable ride.
600;1;Bikes;LB ;CM ;Mountain-500 Black, 52;294,5797;TRUE;Black;100;539,99;52;48-52 CM;28,68;4;M ;323,994;L ;U ;Mountain-500;Suitable for any type of riding, on or off-road. Fits any budget. Smooth-shifting with a comfortable ride.
601;5;Components;G  ;;LL Bottom Bracket;23,9716;TRUE;NA;500;53,99;;NA;223;1;;32,394;L ;;LL Bottom Bracket;Chromoly steel.
602;5;Components;G  ;;ML Bottom Bracket;44,9506;TRUE;NA;500;101,24;;NA;168;1;;60,744;M ;;ML Bottom Bracket;"Aluminum alloy cups; large diameter spindle."
603;5;Components;G  ;;HL Bottom Bracket;53,9416;TRUE;NA;500;121,49;;NA;170;1;;72,894;H ;;HL Bottom Bracket;Aluminum alloy cups and a hollow axle.
604;2;Bikes;LB ;CM ;Road-750 Black, 44;343,6496;TRUE;Black;100;539,99;44;42-46 CM;19,77;4;R ;323,994;L ;U ;Road-750;"Entry level adult bike; offers a comfortable ride cross-country or down the block. Quick-release hubs and rims."
605;2;Bikes;LB ;CM ;Road-750 Black, 48;343,6496;TRUE;Black;100;539,99;48;48-52 CM;20,13;4;R ;323,994;L ;U ;Road-750;"Entry level adult bike; offers a comfortable ride cross-country or down the block. Quick-release hubs and rims."
606;2;Bikes;LB ;CM ;Road-750 Black, 52;343,6496;TRUE;Black;100;539,99;52;48-52 CM;20,42;4;R ;323,994;L ;U ;Road-750;"Entry level adult bike; offers a comfortable ride cross-country or down the block. Quick-release hubs and rims."